2026/09/04 10:19:36.156, 104.74 W, 600.00 W, 2775 MHz, 15368 MHz, 38, 0 %, 41 MiB
2026/09/04 10:19:37.160, 89.35 W, 600.00 W, 1020 MHz, 15368 MHz, 37, 0 %, 41 MiB
2026/09/04 10:19:38.160, 65.50 W, 600.00 W, 1230 MHz, 15368 MHz, 38, 0 %, 596 MiB
2026/09/04 10:19:39.161, 89.38 W, 600.00 W, 2610 MHz, 15368 MHz, 38, 0 %, 596 MiB
2026/09/04 10:19:40.161, 88.24 W, 600.00 W, 2610 MHz, 15368 MHz, 38, 0 %, 596 MiB
2026/09/04 10:19:41.162, 88.25 W, 600.00 W, 2610 MHz, 15368 MHz, 38, 0 %, 596 MiB
2026/09/04 10:19:42.162, 87.98 W, 600.00 W, 2610 MHz, 15368 MHz, 38, 0 %, 596 MiB
2026/09/04 10:19:43.163, 87.92 W, 600.00 W, 2610 MHz, 15368 MHz, 38, 0 %, 596 MiB
2026/09/04 10:19:44.163, 87.88 W, 600.00 W, 2610 MHz, 15368 MHz, 38, 0 %, 596 MiB
2026/09/04 10:19:45.164, 87.89 W, 600.00 W, 2610 MHz, 15368 MHz, 38, 0 %, 596 MiB
2026/09/04 10:19:46.164, 87.81 W, 600.00 W, 2610 MHz, 15368 MHz, 38, 0 %, 596 MiB
2026/09/04 10:19:47.165, 88.03 W, 600.00 W, 2610 MHz, 15368 MHz, 38, 0 %, 596 MiB
2026/09/04 10:19:48.165, 88.37 W, 600.00 W, 2610 MHz, 15368 MHz, 38, 0 %, 596 MiB
2026/09/04 10:19:49.165, 88.09 W, 600.00 W, 2610 MHz, 15368 MHz, 39, 0 %, 612 MiB
2026/09/04 10:19:51.045, 90.14 W, 600.00 W, 2610 MHz, 15368 MHz, 39, 0 %, 67278 MiB
2026/09/04 10:19:52.046, 88.92 W, 600.00 W, 2610 MHz, 15368 MHz, 39, 0 %, 67278 MiB
2026/09/04 10:19:53.047, 89.21 W, 600.00 W, 2610 MHz, 15368 MHz, 39, 91 %, 67278 MiB
2026/09/04 10:19:54.047, 111.97 W, 600.00 W, 2850 MHz, 15368 MHz, 40, 100 %, 67278 MiB
2026/09/04 10:19:55.048, 112.88 W, 600.00 W, 2850 MHz, 15368 MHz, 40, 100 %, 67278 MiB
2026/09/04 10:19:56.049, 107.65 W, 600.00 W, 2850 MHz, 15368 MHz, 40, 0 %, 67278 MiB
2026/09/04 10:19:57.049, 105.01 W, 600.00 W, 2850 MHz, 15368 MHz, 40, 0 %, 67278 MiB
2026/09/04 10:19:58.050, 101.22 W, 600.00 W, 2640 MHz, 15368 MHz, 39, 0 %, 67278 MiB
2026/09/04 10:19:59.184, 89.35 W, 600.00 W, 2610 MHz, 15368 MHz, 39, 2 %, 78078 MiB
2026/09/04 10:20:00.184, 89.27 W, 600.00 W, 2610 MHz, 15368 MHz, 39, 0 %, 78106 MiB
2026/09/04 10:20:01.185, 105.56 W, 600.00 W, 2647 MHz, 15368 MHz, 40, 1 %, 78312 MiB
2026/09/04 10:20:02.185, 90.30 W, 600.00 W, 2617 MHz, 15368 MHz, 40, 0 %, 78312 MiB
2026/09/04 10:20:03.186, 94.24 W, 600.00 W, 2640 MHz, 15368 MHz, 40, 0 %, 78346 MiB
2026/09/04 10:20:04.187, 89.93 W, 600.00 W, 2610 MHz, 15368 MHz, 40, 0 %, 78346 MiB
2026/09/04 10:20:05.187, 89.39 W, 600.00 W, 2610 MHz, 15368 MHz, 40, 0 %, 78346 MiB
2026/09/04 10:20:06.188, 88.26 W, 600.00 W, 2610 MHz, 15368 MHz, 40, 0 %, 78346 MiB
2026/09/04 10:20:07.189, 88.26 W, 600.00 W, 2610 MHz, 15368 MHz, 40, 0 %, 78346 MiB
2026/09/04 10:20:08.189, 88.65 W, 600.00 W, 2610 MHz, 15368 MHz, 40, 6 %, 78346 MiB
2026/09/04 10:20:09.190, 102.82 W, 600.00 W, 2610 MHz, 15368 MHz, 45, 33 %, 78378 MiB
2026/09/04 10:20:10.191, 154.86 W, 600.00 W, 2850 MHz, 15368 MHz, 41, 6 %, 78386 MiB
2026/09/04 10:20:11.192, 113.31 W, 600.00 W, 2850 MHz, 15368 MHz, 41, 3 %, 78426 MiB
2026/09/04 10:20:12.192, 133.10 W, 600.00 W, 2760 MHz, 15368 MHz, 41, 17 %, 78426 MiB
2026/09/04 10:20:13.193, 146.25 W, 600.00 W, 2760 MHz, 15368 MHz, 42, 17 %, 78426 MiB
2026/09/04 10:20:14.194, 144.78 W, 600.00 W, 2760 MHz, 15368 MHz, 42, 21 %, 78426 MiB
2026/09/04 10:20:15.194, 145.88 W, 600.00 W, 2760 MHz, 15368 MHz, 42, 22 %, 78426 MiB
2026/09/04 10:20:16.195, 146.91 W, 600.00 W, 2775 MHz, 15368 MHz, 43, 22 %, 78426 MiB
2026/09/04 10:20:17.195, 146.98 W, 600.00 W, 2775 MHz, 15368 MHz, 42, 21 %, 78426 MiB
2026/09/04 10:20:18.196, 147.41 W, 600.00 W, 2775 MHz, 15368 MHz, 43, 21 %, 78426 MiB
2026/09/04 10:20:19.196, 144.49 W, 600.00 W, 2767 MHz, 15368 MHz, 42, 15 %, 78442 MiB
2026/09/04 10:20:20.197, 144.96 W, 600.00 W, 2760 MHz, 15368 MHz, 43, 20 %, 78442 MiB
2026/09/04 10:20:21.198, 125.10 W, 600.00 W, 2640 MHz, 15368 MHz, 42, 6 %, 78442 MiB
2026/09/04 10:20:22.198, 110.30 W, 600.00 W, 2610 MHz, 15368 MHz, 48, 57 %, 79672 MiB
2026/09/04 10:20:23.199, 481.74 W, 600.00 W, 2707 MHz, 15368 MHz, 52, 90 %, 79698 MiB
2026/09/04 10:20:24.199, 317.60 W, 600.00 W, 2775 MHz, 15368 MHz, 48, 91 %, 79738 MiB
2026/09/04 10:20:25.200, 297.57 W, 600.00 W, 2782 MHz, 15368 MHz, 47, 98 %, 79786 MiB
2026/09/04 10:20:26.200, 287.38 W, 600.00 W, 2775 MHz, 15368 MHz, 46, 18 %, 79802 MiB
2026/09/04 10:20:27.201, 478.70 W, 600.00 W, 2700 MHz, 15368 MHz, 57, 99 %, 79822 MiB
2026/09/04 10:20:28.201, 318.85 W, 600.00 W, 2782 MHz, 15368 MHz, 49, 95 %, 79868 MiB
2026/09/04 10:20:29.202, 304.55 W, 600.00 W, 2775 MHz, 15368 MHz, 53, 91 %, 79908 MiB
2026/09/04 10:20:30.203, 308.33 W, 600.00 W, 2767 MHz, 15368 MHz, 50, 99 %, 79930 MiB
2026/09/04 10:20:31.203, 468.18 W, 600.00 W, 2707 MHz, 15368 MHz, 58, 98 %, 79932 MiB
2026/09/04 10:20:32.204, 376.69 W, 600.00 W, 2767 MHz, 15368 MHz, 53, 93 %, 79932 MiB
2026/09/04 10:20:33.204, 317.97 W, 600.00 W, 2775 MHz, 15368 MHz, 54, 99 %, 79932 MiB
2026/09/04 10:20:34.205, 324.33 W, 600.00 W, 2767 MHz, 15368 MHz, 55, 95 %, 79934 MiB
2026/09/04 10:20:35.208, 417.11 W, 600.00 W, 2707 MHz, 15368 MHz, 59, 98 %, 79942 MiB
2026/09/04 10:20:36.208, 420.47 W, 600.00 W, 2767 MHz, 15368 MHz, 55, 88 %, 79994 MiB
2026/09/04 10:20:37.209, 315.28 W, 600.00 W, 2775 MHz, 15368 MHz, 57, 88 %, 80044 MiB
2026/09/04 10:20:38.209, 316.59 W, 600.00 W, 2767 MHz, 15368 MHz, 55, 90 %, 80094 MiB
2026/09/04 10:20:39.210, 252.80 W, 600.00 W, 2835 MHz, 15368 MHz, 50, 18 %, 80110 MiB
2026/09/04 10:20:40.211, 156.90 W, 600.00 W, 2835 MHz, 15368 MHz, 49, 18 %, 80110 MiB
2026/09/04 10:20:41.212, 155.05 W, 600.00 W, 2752 MHz, 15368 MHz, 50, 23 %, 80110 MiB
2026/09/04 10:20:42.213, 150.72 W, 600.00 W, 2760 MHz, 15368 MHz, 49, 18 %, 80110 MiB
2026/09/04 10:20:43.213, 148.38 W, 600.00 W, 2745 MHz, 15368 MHz, 49, 21 %, 80122 MiB
2026/09/04 10:20:44.214, 150.37 W, 600.00 W, 2752 MHz, 15368 MHz, 49, 18 %, 80122 MiB
2026/09/04 10:20:45.215, 151.39 W, 600.00 W, 2752 MHz, 15368 MHz, 49, 22 %, 80122 MiB
2026/09/04 10:20:46.215, 150.77 W, 600.00 W, 2752 MHz, 15368 MHz, 49, 25 %, 80122 MiB
2026/09/04 10:20:47.216, 151.64 W, 600.00 W, 2760 MHz, 15368 MHz, 49, 23 %, 80122 MiB
2026/09/04 10:20:48.216, 150.33 W, 600.00 W, 2752 MHz, 15368 MHz, 49, 22 %, 80122 MiB
2026/09/04 10:20:49.217, 112.03 W, 600.00 W, 2610 MHz, 15368 MHz, 48, 6 %, 80122 MiB
2026/09/04 10:20:50.217, 184.99 W, 600.00 W, 2662 MHz, 15368 MHz, 57, 98 %, 80122 MiB
2026/09/04 10:20:51.219, 478.00 W, 600.00 W, 2715 MHz, 15368 MHz, 56, 98 %, 80122 MiB
2026/09/04 10:20:52.219, 315.55 W, 600.00 W, 2775 MHz, 15368 MHz, 55, 98 %, 80122 MiB
2026/09/04 10:20:53.220, 313.51 W, 600.00 W, 2775 MHz, 15368 MHz, 53, 98 %, 80122 MiB
2026/09/04 10:20:54.220, 375.68 W, 600.00 W, 2760 MHz, 15368 MHz, 61, 99 %, 80122 MiB
2026/09/04 10:20:55.221, 466.39 W, 600.00 W, 2745 MHz, 15368 MHz, 57, 95 %, 80122 MiB
2026/09/04 10:20:56.222, 315.19 W, 600.00 W, 2760 MHz, 15368 MHz, 54, 95 %, 80122 MiB
2026/09/04 10:20:57.222, 315.49 W, 600.00 W, 2775 MHz, 15368 MHz, 58, 93 %, 80122 MiB
2026/09/04 10:20:58.223, 373.79 W, 600.00 W, 2760 MHz, 15368 MHz, 62, 98 %, 80122 MiB
2026/09/04 10:20:59.223, 489.22 W, 600.00 W, 2715 MHz, 15368 MHz, 61, 98 %, 80122 MiB
2026/09/04 10:21:00.224, 332.33 W, 600.00 W, 2767 MHz, 15368 MHz, 56, 98 %, 80122 MiB
2026/09/04 10:21:01.225, 329.70 W, 600.00 W, 2767 MHz, 15368 MHz, 56, 99 %, 80122 MiB
2026/09/04 10:21:02.225, 366.29 W, 600.00 W, 2790 MHz, 15368 MHz, 63, 99 %, 80122 MiB
2026/09/04 10:21:03.226, 510.41 W, 600.00 W, 2677 MHz, 15368 MHz, 63, 98 %, 80122 MiB
2026/09/04 10:21:04.227, 329.54 W, 600.00 W, 2760 MHz, 15368 MHz, 58, 99 %, 80122 MiB
2026/09/04 10:21:05.228, 336.87 W, 600.00 W, 2760 MHz, 15368 MHz, 61, 99 %, 80122 MiB
2026/09/04 10:21:06.229, 303.25 W, 600.00 W, 2775 MHz, 15368 MHz, 56, 23 %, 80122 MiB
2026/09/04 10:21:07.229, 161.67 W, 600.00 W, 2827 MHz, 15368 MHz, 54, 18 %, 80122 MiB
2026/09/04 10:21:08.230, 159.91 W, 600.00 W, 2790 MHz, 15368 MHz, 54, 23 %, 80122 MiB
2026/09/04 10:21:09.231, 153.55 W, 600.00 W, 2752 MHz, 15368 MHz, 54, 23 %, 80122 MiB
2026/09/04 10:21:10.231, 153.84 W, 600.00 W, 2752 MHz, 15368 MHz, 53, 19 %, 80122 MiB
2026/09/04 10:21:11.232, 153.67 W, 600.00 W, 2760 MHz, 15368 MHz, 53, 18 %, 80122 MiB
2026/09/04 10:21:12.233, 154.79 W, 600.00 W, 2752 MHz, 15368 MHz, 54, 23 %, 80122 MiB
2026/09/04 10:21:13.233, 153.72 W, 600.00 W, 2752 MHz, 15368 MHz, 53, 23 %, 80122 MiB
2026/09/04 10:21:14.234, 154.11 W, 600.00 W, 2752 MHz, 15368 MHz, 53, 20 %, 80122 MiB
2026/09/04 10:21:15.235, 154.17 W, 600.00 W, 2752 MHz, 15368 MHz, 53, 23 %, 80122 MiB
2026/09/04 10:21:16.235, 128.65 W, 600.00 W, 2610 MHz, 15368 MHz, 52, 6 %, 80122 MiB
2026/09/04 10:21:17.236, 95.85 W, 600.00 W, 2610 MHz, 15368 MHz, 51, 5 %, 80122 MiB
2026/09/04 10:21:18.236, 466.22 W, 600.00 W, 2692 MHz, 15368 MHz, 64, 98 %, 80122 MiB
2026/09/04 10:21:19.237, 341.88 W, 600.00 W, 2767 MHz, 15368 MHz, 59, 98 %, 80122 MiB
2026/09/04 10:21:20.238, 323.69 W, 600.00 W, 2767 MHz, 15368 MHz, 59, 98 %, 80122 MiB
2026/09/04 10:21:21.238, 326.88 W, 600.00 W, 2767 MHz, 15368 MHz, 62, 99 %, 80122 MiB
2026/09/04 10:21:22.239, 524.19 W, 600.00 W, 2677 MHz, 15368 MHz, 63, 98 %, 80122 MiB
2026/09/04 10:21:23.239, 327.07 W, 600.00 W, 2767 MHz, 15368 MHz, 59, 98 %, 80122 MiB
2026/09/04 10:21:24.240, 329.09 W, 600.00 W, 2767 MHz, 15368 MHz, 63, 99 %, 80122 MiB
2026/09/04 10:21:25.240, 343.35 W, 600.00 W, 2790 MHz, 15368 MHz, 63, 99 %, 80122 MiB
2026/09/04 10:21:26.241, 524.19 W, 600.00 W, 2685 MHz, 15368 MHz, 62, 98 %, 80122 MiB
2026/09/04 10:21:27.241, 349.23 W, 600.00 W, 2752 MHz, 15368 MHz, 64, 98 %, 80122 MiB
2026/09/04 10:21:28.242, 338.93 W, 600.00 W, 2767 MHz, 15368 MHz, 63, 99 %, 80122 MiB
2026/09/04 10:21:29.243, 410.56 W, 600.00 W, 2677 MHz, 15368 MHz, 67, 98 %, 80122 MiB
2026/09/04 10:21:30.245, 457.07 W, 600.00 W, 2752 MHz, 15368 MHz, 63, 98 %, 80122 MiB
2026/09/04 10:21:31.246, 343.87 W, 600.00 W, 2760 MHz, 15368 MHz, 64, 99 %, 80122 MiB
2026/09/04 10:21:32.246, 338.03 W, 600.00 W, 2760 MHz, 15368 MHz, 63, 98 %, 80122 MiB
2026/09/04 10:21:33.247, 364.86 W, 600.00 W, 2790 MHz, 15368 MHz, 66, 98 %, 80122 MiB
2026/09/04 10:21:34.248, 516.46 W, 600.00 W, 2670 MHz, 15368 MHz, 66, 98 %, 80122 MiB
2026/09/04 10:21:35.248, 336.67 W, 600.00 W, 2737 MHz, 15368 MHz, 61, 99 %, 80122 MiB
2026/09/04 10:21:36.251, 336.64 W, 600.00 W, 2752 MHz, 15368 MHz, 64, 98 %, 80122 MiB
2026/09/04 10:21:37.252, 315.93 W, 600.00 W, 2745 MHz, 15368 MHz, 59, 0 %, 80122 MiB
2026/09/04 10:21:38.252, 523.68 W, 600.00 W, 2677 MHz, 15368 MHz, 69, 98 %, 80122 MiB
2026/09/04 10:21:39.253, 422.03 W, 600.00 W, 2752 MHz, 15368 MHz, 67, 98 %, 80122 MiB
2026/09/04 10:21:40.254, 345.34 W, 600.00 W, 2745 MHz, 15368 MHz, 65, 99 %, 80122 MiB
2026/09/04 10:21:41.255, 345.72 W, 600.00 W, 2752 MHz, 15368 MHz, 63, 99 %, 80122 MiB
2026/09/04 10:21:42.256, 393.99 W, 600.00 W, 2715 MHz, 15368 MHz, 69, 99 %, 80122 MiB
2026/09/04 10:21:43.257, 498.82 W, 600.00 W, 2692 MHz, 15368 MHz, 64, 99 %, 80122 MiB
2026/09/04 10:21:44.258, 354.63 W, 600.00 W, 2745 MHz, 15368 MHz, 65, 98 %, 80122 MiB
2026/09/04 10:21:45.259, 354.10 W, 600.00 W, 2745 MHz, 15368 MHz, 64, 98 %, 80122 MiB
2026/09/04 10:21:46.260, 343.03 W, 600.00 W, 2737 MHz, 15368 MHz, 61, 8 %, 80122 MiB
2026/09/04 10:21:47.260, 460.65 W, 600.00 W, 2685 MHz, 15368 MHz, 71, 98 %, 80122 MiB
2026/09/04 10:21:48.261, 464.42 W, 600.00 W, 2745 MHz, 15368 MHz, 68, 99 %, 80122 MiB
2026/09/04 10:21:49.261, 349.83 W, 600.00 W, 2737 MHz, 15368 MHz, 66, 98 %, 80122 MiB
2026/09/04 10:21:50.262, 360.11 W, 600.00 W, 2760 MHz, 15368 MHz, 69, 98 %, 80122 MiB
2026/09/04 10:21:51.263, 310.97 W, 600.00 W, 2782 MHz, 15368 MHz, 67, 46 %, 80122 MiB
2026/09/04 10:21:52.264, 501.35 W, 600.00 W, 2670 MHz, 15368 MHz, 71, 99 %, 80122 MiB
2026/09/04 10:21:53.264, 428.66 W, 600.00 W, 2737 MHz, 15368 MHz, 67, 99 %, 80122 MiB
2026/09/04 10:21:54.265, 358.98 W, 600.00 W, 2737 MHz, 15368 MHz, 66, 99 %, 80122 MiB
2026/09/04 10:21:55.266, 355.56 W, 600.00 W, 2745 MHz, 15368 MHz, 68, 99 %, 80122 MiB
2026/09/04 10:21:56.267, 307.57 W, 600.00 W, 2820 MHz, 15368 MHz, 68, 98 %, 80122 MiB
2026/09/04 10:21:57.268, 522.87 W, 600.00 W, 2677 MHz, 15368 MHz, 71, 99 %, 80122 MiB
2026/09/04 10:21:58.269, 428.76 W, 600.00 W, 2737 MHz, 15368 MHz, 69, 99 %, 80122 MiB
2026/09/04 10:21:59.270, 357.56 W, 600.00 W, 2737 MHz, 15368 MHz, 68, 99 %, 80122 MiB
2026/09/04 10:22:00.270, 349.60 W, 600.00 W, 2745 MHz, 15368 MHz, 65, 98 %, 80122 MiB
2026/09/04 10:22:01.271, 305.32 W, 600.00 W, 2805 MHz, 15368 MHz, 67, 40 %, 80122 MiB
2026/09/04 10:22:02.272, 502.31 W, 600.00 W, 2677 MHz, 15368 MHz, 72, 99 %, 80122 MiB
2026/09/04 10:22:03.272, 452.29 W, 600.00 W, 2737 MHz, 15368 MHz, 70, 99 %, 80122 MiB
2026/09/04 10:22:04.273, 363.26 W, 600.00 W, 2737 MHz, 15368 MHz, 68, 98 %, 80122 MiB
2026/09/04 10:22:05.274, 367.32 W, 600.00 W, 2737 MHz, 15368 MHz, 67, 100 %, 80122 MiB
2026/09/04 10:22:06.275, 343.41 W, 600.00 W, 2737 MHz, 15368 MHz, 63, 0 %, 80122 MiB
2026/09/04 10:22:07.275, 443.52 W, 600.00 W, 2685 MHz, 15368 MHz, 72, 99 %, 80122 MiB
2026/09/04 10:22:08.276, 496.09 W, 600.00 W, 2700 MHz, 15368 MHz, 71, 99 %, 80122 MiB
2026/09/04 10:22:09.276, 374.73 W, 600.00 W, 2745 MHz, 15368 MHz, 72, 98 %, 80122 MiB
2026/09/04 10:22:10.277, 367.96 W, 600.00 W, 2730 MHz, 15368 MHz, 71, 99 %, 80122 MiB
2026/09/04 10:22:11.278, 364.60 W, 600.00 W, 2737 MHz, 15368 MHz, 67, 98 %, 80122 MiB
2026/09/04 10:22:12.278, 343.75 W, 600.00 W, 2722 MHz, 15368 MHz, 72, 99 %, 80122 MiB
2026/09/04 10:22:13.279, 538.20 W, 600.00 W, 2662 MHz, 15368 MHz, 72, 99 %, 80122 MiB
2026/09/04 10:22:14.280, 415.52 W, 600.00 W, 2737 MHz, 15368 MHz, 71, 99 %, 80122 MiB
2026/09/04 10:22:15.280, 367.25 W, 600.00 W, 2752 MHz, 15368 MHz, 71, 99 %, 80122 MiB
2026/09/04 10:22:16.281, 363.58 W, 600.00 W, 2737 MHz, 15368 MHz, 71, 99 %, 80122 MiB
2026/09/04 10:22:17.281, 302.40 W, 600.00 W, 2797 MHz, 15368 MHz, 64, 0 %, 80122 MiB
2026/09/04 10:22:18.282, 496.02 W, 600.00 W, 2670 MHz, 15368 MHz, 73, 99 %, 80122 MiB
2026/09/04 10:22:19.282, 494.75 W, 600.00 W, 2707 MHz, 15368 MHz, 73, 99 %, 80122 MiB
2026/09/04 10:22:20.283, 382.92 W, 600.00 W, 2737 MHz, 15368 MHz, 71, 98 %, 80122 MiB
2026/09/04 10:22:21.283, 372.77 W, 600.00 W, 2737 MHz, 15368 MHz, 71, 99 %, 80122 MiB
2026/09/04 10:22:22.284, 372.10 W, 600.00 W, 2745 MHz, 15368 MHz, 71, 98 %, 80122 MiB
2026/09/04 10:22:23.285, 312.11 W, 600.00 W, 2775 MHz, 15368 MHz, 74, 99 %, 80122 MiB
2026/09/04 10:22:24.285, 527.72 W, 600.00 W, 2662 MHz, 15368 MHz, 74, 98 %, 80122 MiB
2026/09/04 10:22:25.286, 451.43 W, 600.00 W, 2722 MHz, 15368 MHz, 72, 99 %, 80122 MiB
2026/09/04 10:22:26.287, 371.54 W, 600.00 W, 2730 MHz, 15368 MHz, 68, 100 %, 80122 MiB
2026/09/04 10:22:27.288, 377.67 W, 600.00 W, 2730 MHz, 15368 MHz, 74, 98 %, 80122 MiB
2026/09/04 10:22:28.288, 379.12 W, 600.00 W, 2722 MHz, 15368 MHz, 72, 99 %, 80122 MiB
2026/09/04 10:22:29.289, 391.83 W, 600.00 W, 2662 MHz, 15368 MHz, 74, 99 %, 80122 MiB
2026/09/04 10:22:30.289, 437.63 W, 600.00 W, 2745 MHz, 15368 MHz, 73, 94 %, 80122 MiB
2026/09/04 10:22:31.290, 333.88 W, 600.00 W, 2745 MHz, 15368 MHz, 73, 94 %, 80122 MiB
2026/09/04 10:22:32.290, 325.99 W, 600.00 W, 2745 MHz, 15368 MHz, 70, 94 %, 80122 MiB
2026/09/04 10:22:33.291, 268.74 W, 600.00 W, 2812 MHz, 15368 MHz, 66, 23 %, 80122 MiB
2026/09/04 10:22:34.292, 172.47 W, 600.00 W, 2812 MHz, 15368 MHz, 65, 17 %, 80122 MiB
2026/09/04 10:22:35.293, 169.26 W, 600.00 W, 2745 MHz, 15368 MHz, 64, 18 %, 80122 MiB
2026/09/04 10:22:36.293, 165.28 W, 600.00 W, 2737 MHz, 15368 MHz, 64, 22 %, 80122 MiB
2026/09/04 10:22:37.294, 166.24 W, 600.00 W, 2745 MHz, 15368 MHz, 64, 22 %, 80122 MiB
2026/09/04 10:22:38.295, 165.02 W, 600.00 W, 2737 MHz, 15368 MHz, 64, 23 %, 80122 MiB
2026/09/04 10:22:39.295, 163.52 W, 600.00 W, 2737 MHz, 15368 MHz, 63, 18 %, 80122 MiB
2026/09/04 10:22:40.296, 163.99 W, 600.00 W, 2737 MHz, 15368 MHz, 63, 23 %, 80122 MiB
2026/09/04 10:22:41.296, 163.69 W, 600.00 W, 2737 MHz, 15368 MHz, 63, 22 %, 80122 MiB
2026/09/04 10:22:42.297, 163.25 W, 600.00 W, 2737 MHz, 15368 MHz, 63, 21 %, 80122 MiB
2026/09/04 10:22:43.298, 143.78 W, 600.00 W, 2647 MHz, 15368 MHz, 61, 6 %, 80122 MiB
2026/09/04 10:22:44.298, 105.02 W, 600.00 W, 2610 MHz, 15368 MHz, 61, 6 %, 80122 MiB
2026/09/04 10:22:45.299, 458.88 W, 600.00 W, 2685 MHz, 15368 MHz, 71, 98 %, 80122 MiB
2026/09/04 10:22:46.299, 382.89 W, 600.00 W, 2752 MHz, 15368 MHz, 70, 98 %, 80122 MiB
2026/09/04 10:22:47.300, 327.90 W, 600.00 W, 2760 MHz, 15368 MHz, 69, 99 %, 80122 MiB
2026/09/04 10:22:48.300, 328.18 W, 600.00 W, 2752 MHz, 15368 MHz, 65, 59 %, 80122 MiB
2026/09/04 10:22:49.301, 487.44 W, 600.00 W, 2662 MHz, 15368 MHz, 74, 98 %, 80122 MiB
2026/09/04 10:22:50.302, 362.94 W, 600.00 W, 2752 MHz, 15368 MHz, 66, 98 %, 80122 MiB
2026/09/04 10:22:51.303, 336.41 W, 600.00 W, 2745 MHz, 15368 MHz, 68, 98 %, 80122 MiB
2026/09/04 10:22:52.304, 334.99 W, 600.00 W, 2737 MHz, 15368 MHz, 69, 38 %, 80122 MiB
2026/09/04 10:22:53.304, 510.28 W, 600.00 W, 2662 MHz, 15368 MHz, 74, 98 %, 80122 MiB
2026/09/04 10:22:54.305, 368.32 W, 600.00 W, 2745 MHz, 15368 MHz, 68, 98 %, 80122 MiB
2026/09/04 10:22:55.305, 351.66 W, 600.00 W, 2745 MHz, 15368 MHz, 72, 98 %, 80122 MiB
2026/09/04 10:22:56.306, 339.45 W, 600.00 W, 2745 MHz, 15368 MHz, 66, 54 %, 80122 MiB
2026/09/04 10:22:57.306, 474.67 W, 600.00 W, 2655 MHz, 15368 MHz, 75, 99 %, 80122 MiB
2026/09/04 10:22:58.307, 410.57 W, 600.00 W, 2745 MHz, 15368 MHz, 73, 98 %, 80122 MiB
2026/09/04 10:22:59.307, 351.21 W, 600.00 W, 2745 MHz, 15368 MHz, 70, 99 %, 80122 MiB
2026/09/04 10:23:00.308, 353.40 W, 600.00 W, 2737 MHz, 15368 MHz, 72, 98 %, 80122 MiB
2026/09/04 10:23:01.308, 433.86 W, 600.00 W, 2662 MHz, 15368 MHz, 74, 98 %, 80122 MiB
2026/09/04 10:23:02.310, 471.84 W, 600.00 W, 2737 MHz, 15368 MHz, 71, 98 %, 80122 MiB
2026/09/04 10:23:03.312, 352.74 W, 600.00 W, 2737 MHz, 15368 MHz, 71, 99 %, 80122 MiB
2026/09/04 10:23:04.312, 352.85 W, 600.00 W, 2745 MHz, 15368 MHz, 73, 98 %, 80122 MiB
2026/09/04 10:23:05.313, 366.09 W, 600.00 W, 2775 MHz, 15368 MHz, 74, 99 %, 80122 MiB
2026/09/04 10:23:06.313, 546.01 W, 600.00 W, 2655 MHz, 15368 MHz, 71, 98 %, 80122 MiB
2026/09/04 10:23:07.314, 366.92 W, 600.00 W, 2737 MHz, 15368 MHz, 72, 99 %, 80122 MiB
2026/09/04 10:23:08.315, 353.80 W, 600.00 W, 2745 MHz, 15368 MHz, 69, 99 %, 80122 MiB
2026/09/04 10:23:09.315, 351.70 W, 600.00 W, 2737 MHz, 15368 MHz, 67, 35 %, 80122 MiB
2026/09/04 10:23:10.316, 449.06 W, 600.00 W, 2685 MHz, 15368 MHz, 76, 99 %, 80122 MiB
2026/09/04 10:23:11.317, 463.87 W, 600.00 W, 2737 MHz, 15368 MHz, 75, 98 %, 80122 MiB
2026/09/04 10:23:12.317, 354.08 W, 600.00 W, 2737 MHz, 15368 MHz, 73, 99 %, 80122 MiB
2026/09/04 10:23:13.318, 351.60 W, 600.00 W, 2745 MHz, 15368 MHz, 69, 99 %, 80122 MiB
2026/09/04 10:23:14.318, 340.10 W, 600.00 W, 2805 MHz, 15368 MHz, 74, 99 %, 80122 MiB
2026/09/04 10:23:15.320, 541.33 W, 600.00 W, 2655 MHz, 15368 MHz, 76, 99 %, 80122 MiB
2026/09/04 10:23:16.320, 427.57 W, 600.00 W, 2737 MHz, 15368 MHz, 75, 98 %, 80122 MiB
2026/09/04 10:23:17.321, 362.15 W, 600.00 W, 2730 MHz, 15368 MHz, 72, 98 %, 80122 MiB
2026/09/04 10:23:18.321, 357.72 W, 600.00 W, 2737 MHz, 15368 MHz, 70, 99 %, 80122 MiB
2026/09/04 10:23:19.322, 357.75 W, 600.00 W, 2775 MHz, 15368 MHz, 76, 99 %, 80122 MiB
2026/09/04 10:23:20.322, 545.18 W, 600.00 W, 2655 MHz, 15368 MHz, 76, 99 %, 80122 MiB
2026/09/04 10:23:21.323, 402.05 W, 600.00 W, 2745 MHz, 15368 MHz, 75, 98 %, 80122 MiB
2026/09/04 10:23:22.325, 358.77 W, 600.00 W, 2730 MHz, 15368 MHz, 70, 100 %, 80122 MiB
2026/09/04 10:23:23.325, 369.40 W, 600.00 W, 2730 MHz, 15368 MHz, 74, 99 %, 80122 MiB
2026/09/04 10:23:24.326, 359.10 W, 600.00 W, 2745 MHz, 15368 MHz, 75, 98 %, 80122 MiB
2026/09/04 10:23:25.327, 547.32 W, 600.00 W, 2655 MHz, 15368 MHz, 77, 99 %, 80122 MiB
2026/09/04 10:23:26.327, 386.92 W, 600.00 W, 2737 MHz, 15368 MHz, 75, 99 %, 80122 MiB
2026/09/04 10:23:27.328, 364.99 W, 600.00 W, 2722 MHz, 15368 MHz, 73, 99 %, 80122 MiB
2026/09/04 10:23:28.328, 357.21 W, 600.00 W, 2722 MHz, 15368 MHz, 70, 98 %, 80122 MiB
2026/09/04 10:23:29.330, 343.62 W, 600.00 W, 2775 MHz, 15368 MHz, 76, 100 %, 80122 MiB
2026/09/04 10:23:30.330, 548.32 W, 600.00 W, 2662 MHz, 15368 MHz, 78, 98 %, 80122 MiB
2026/09/04 10:23:31.331, 413.08 W, 600.00 W, 2722 MHz, 15368 MHz, 74, 99 %, 80122 MiB
2026/09/04 10:23:32.332, 373.75 W, 600.00 W, 2737 MHz, 15368 MHz, 76, 98 %, 80122 MiB
2026/09/04 10:23:33.332, 374.94 W, 600.00 W, 2730 MHz, 15368 MHz, 76, 99 %, 80122 MiB
2026/09/04 10:23:34.333, 314.70 W, 600.00 W, 2812 MHz, 15368 MHz, 72, 71 %, 80122 MiB
2026/09/04 10:23:35.333, 534.87 W, 600.00 W, 2655 MHz, 15368 MHz, 77, 99 %, 80122 MiB
2026/09/04 10:23:36.334, 458.70 W, 600.00 W, 2730 MHz, 15368 MHz, 74, 98 %, 80122 MiB
2026/09/04 10:23:37.335, 369.99 W, 600.00 W, 2730 MHz, 15368 MHz, 72, 99 %, 80122 MiB
2026/09/04 10:23:38.335, 372.65 W, 600.00 W, 2722 MHz, 15368 MHz, 73, 99 %, 80122 MiB
2026/09/04 10:23:39.336, 369.48 W, 600.00 W, 2730 MHz, 15368 MHz, 70, 58 %, 80122 MiB
2026/09/04 10:23:40.336, 390.32 W, 600.00 W, 2670 MHz, 15368 MHz, 77, 99 %, 80122 MiB
2026/09/04 10:23:41.337, 533.27 W, 600.00 W, 2655 MHz, 15368 MHz, 73, 99 %, 80122 MiB
2026/09/04 10:23:42.338, 373.34 W, 600.00 W, 2722 MHz, 15368 MHz, 71, 99 %, 80122 MiB
2026/09/04 10:23:43.338, 374.66 W, 600.00 W, 2722 MHz, 15368 MHz, 72, 100 %, 80122 MiB
2026/09/04 10:23:44.339, 371.68 W, 600.00 W, 2722 MHz, 15368 MHz, 71, 98 %, 80122 MiB
2026/09/04 10:23:45.339, 310.60 W, 600.00 W, 2820 MHz, 15368 MHz, 75, 99 %, 80122 MiB
2026/09/04 10:23:46.341, 531.70 W, 600.00 W, 2655 MHz, 15368 MHz, 78, 100 %, 80122 MiB
2026/09/04 10:23:47.342, 457.46 W, 600.00 W, 2722 MHz, 15368 MHz, 75, 99 %, 80122 MiB
2026/09/04 10:23:48.342, 373.51 W, 600.00 W, 2722 MHz, 15368 MHz, 72, 100 %, 80122 MiB
2026/09/04 10:23:49.343, 373.96 W, 600.00 W, 2715 MHz, 15368 MHz, 72, 99 %, 80122 MiB
2026/09/04 10:23:50.344, 388.64 W, 600.00 W, 2707 MHz, 15368 MHz, 75, 100 %, 80122 MiB
2026/09/04 10:23:51.344, 352.83 W, 600.00 W, 2692 MHz, 15368 MHz, 77, 99 %, 80122 MiB
2026/09/04 10:23:52.345, 538.19 W, 600.00 W, 2655 MHz, 15368 MHz, 78, 99 %, 80122 MiB
2026/09/04 10:23:53.346, 426.20 W, 600.00 W, 2707 MHz, 15368 MHz, 72, 98 %, 80122 MiB
2026/09/04 10:23:54.346, 382.64 W, 600.00 W, 2722 MHz, 15368 MHz, 75, 99 %, 80122 MiB
2026/09/04 10:23:55.347, 385.08 W, 600.00 W, 2722 MHz, 15368 MHz, 74, 100 %, 80122 MiB
2026/09/04 10:23:56.347, 377.47 W, 600.00 W, 2722 MHz, 15368 MHz, 71, 33 %, 80122 MiB
2026/09/04 10:23:57.348, 442.99 W, 600.00 W, 2647 MHz, 15368 MHz, 79, 99 %, 80122 MiB
2026/09/04 10:23:58.348, 420.83 W, 600.00 W, 2737 MHz, 15368 MHz, 75, 99 %, 80122 MiB
2026/09/04 10:23:59.349, 342.64 W, 600.00 W, 2730 MHz, 15368 MHz, 74, 99 %, 80122 MiB
2026/09/04 10:24:00.350, 343.79 W, 600.00 W, 2737 MHz, 15368 MHz, 73, 99 %, 80122 MiB
2026/09/04 10:24:01.350, 233.87 W, 600.00 W, 2812 MHz, 15368 MHz, 69, 18 %, 80122 MiB
2026/09/04 10:24:02.351, 178.02 W, 600.00 W, 2812 MHz, 15368 MHz, 69, 23 %, 80122 MiB
2026/09/04 10:24:03.352, 169.33 W, 600.00 W, 2737 MHz, 15368 MHz, 68, 18 %, 80122 MiB
2026/09/04 10:24:04.353, 170.13 W, 600.00 W, 2737 MHz, 15368 MHz, 68, 23 %, 80122 MiB
2026/09/04 10:24:05.353, 171.00 W, 600.00 W, 2737 MHz, 15368 MHz, 68, 22 %, 80122 MiB
2026/09/04 10:24:06.354, 169.06 W, 600.00 W, 2737 MHz, 15368 MHz, 67, 23 %, 80122 MiB
2026/09/04 10:24:07.354, 168.26 W, 600.00 W, 2737 MHz, 15368 MHz, 67, 18 %, 80122 MiB
2026/09/04 10:24:08.355, 169.80 W, 600.00 W, 2745 MHz, 15368 MHz, 66, 18 %, 80122 MiB
2026/09/04 10:24:09.356, 167.54 W, 600.00 W, 2737 MHz, 15368 MHz, 66, 22 %, 80122 MiB
2026/09/04 10:24:10.356, 168.92 W, 600.00 W, 2737 MHz, 15368 MHz, 66, 23 %, 80122 MiB
2026/09/04 10:24:11.357, 128.35 W, 600.00 W, 2610 MHz, 15368 MHz, 64, 6 %, 80122 MiB
2026/09/04 10:24:12.357, 117.40 W, 600.00 W, 2610 MHz, 15368 MHz, 69, 37 %, 80122 MiB
2026/09/04 10:24:13.358, 505.93 W, 600.00 W, 2662 MHz, 15368 MHz, 75, 98 %, 80122 MiB
2026/09/04 10:24:14.359, 342.25 W, 600.00 W, 2745 MHz, 15368 MHz, 70, 99 %, 80122 MiB
2026/09/04 10:24:15.359, 334.85 W, 600.00 W, 2745 MHz, 15368 MHz, 70, 98 %, 80122 MiB
2026/09/04 10:24:16.360, 352.57 W, 600.00 W, 2752 MHz, 15368 MHz, 75, 99 %, 80122 MiB
2026/09/04 10:24:17.360, 530.63 W, 600.00 W, 2647 MHz, 15368 MHz, 71, 98 %, 80122 MiB
2026/09/04 10:24:18.361, 350.18 W, 600.00 W, 2730 MHz, 15368 MHz, 69, 98 %, 80122 MiB
2026/09/04 10:24:19.362, 344.99 W, 600.00 W, 2752 MHz, 15368 MHz, 72, 98 %, 80122 MiB
2026/09/04 10:24:20.363, 362.07 W, 600.00 W, 2775 MHz, 15368 MHz, 74, 99 %, 80122 MiB
2026/09/04 10:24:21.364, 535.72 W, 600.00 W, 2662 MHz, 15368 MHz, 71, 98 %, 80122 MiB
2026/09/04 10:24:22.364, 354.48 W, 600.00 W, 2745 MHz, 15368 MHz, 72, 98 %, 80122 MiB
2026/09/04 10:24:23.365, 344.02 W, 600.00 W, 2745 MHz, 15368 MHz, 70, 98 %, 80122 MiB
2026/09/04 10:24:24.365, 348.17 W, 600.00 W, 2760 MHz, 15368 MHz, 74, 99 %, 80122 MiB
2026/09/04 10:24:25.367, 543.04 W, 600.00 W, 2647 MHz, 15368 MHz, 76, 98 %, 80122 MiB
2026/09/04 10:24:26.367, 368.04 W, 600.00 W, 2745 MHz, 15368 MHz, 73, 98 %, 80122 MiB
2026/09/04 10:24:27.368, 358.35 W, 600.00 W, 2737 MHz, 15368 MHz, 74, 98 %, 80122 MiB
2026/09/04 10:24:28.369, 356.85 W, 600.00 W, 2737 MHz, 15368 MHz, 71, 72 %, 80122 MiB
2026/09/04 10:24:29.369, 463.93 W, 600.00 W, 2655 MHz, 15368 MHz, 78, 98 %, 80122 MiB
2026/09/04 10:24:30.370, 426.98 W, 600.00 W, 2715 MHz, 15368 MHz, 71, 99 %, 80122 MiB
2026/09/04 10:24:31.370, 350.58 W, 600.00 W, 2730 MHz, 15368 MHz, 72, 98 %, 80122 MiB
2026/09/04 10:24:32.371, 353.27 W, 600.00 W, 2737 MHz, 15368 MHz, 74, 98 %, 80122 MiB
2026/09/04 10:24:33.371, 410.85 W, 600.00 W, 2677 MHz, 15368 MHz, 77, 98 %, 80122 MiB
2026/09/04 10:24:34.372, 518.31 W, 600.00 W, 2677 MHz, 15368 MHz, 77, 99 %, 80122 MiB
2026/09/04 10:24:35.374, 368.24 W, 600.00 W, 2730 MHz, 15368 MHz, 76, 98 %, 80122 MiB
2026/09/04 10:24:36.374, 357.36 W, 600.00 W, 2737 MHz, 15368 MHz, 73, 99 %, 80122 MiB
2026/09/04 10:24:37.375, 337.95 W, 600.00 W, 2760 MHz, 15368 MHz, 74, 62 %, 80122 MiB
2026/09/04 10:24:38.375, 521.60 W, 600.00 W, 2655 MHz, 15368 MHz, 78, 98 %, 80122 MiB
2026/09/04 10:24:39.376, 417.80 W, 600.00 W, 2730 MHz, 15368 MHz, 73, 98 %, 80122 MiB
2026/09/04 10:24:40.377, 365.30 W, 600.00 W, 2737 MHz, 15368 MHz, 75, 98 %, 80122 MiB
2026/09/04 10:24:41.377, 366.35 W, 600.00 W, 2737 MHz, 15368 MHz, 72, 98 %, 80122 MiB
2026/09/04 10:24:42.378, 373.25 W, 600.00 W, 2745 MHz, 15368 MHz, 77, 98 %, 80122 MiB
2026/09/04 10:24:43.378, 554.34 W, 600.00 W, 2662 MHz, 15368 MHz, 79, 98 %, 80122 MiB
2026/09/04 10:24:44.379, 365.70 W, 600.00 W, 2737 MHz, 15368 MHz, 74, 98 %, 80122 MiB
2026/09/04 10:24:45.379, 367.90 W, 600.00 W, 2730 MHz, 15368 MHz, 72, 98 %, 80122 MiB
2026/09/04 10:24:46.380, 372.35 W, 600.00 W, 2730 MHz, 15368 MHz, 76, 98 %, 80122 MiB
2026/09/04 10:24:47.380, 394.98 W, 600.00 W, 2677 MHz, 15368 MHz, 78, 99 %, 80122 MiB
2026/09/04 10:24:48.381, 531.62 W, 600.00 W, 2655 MHz, 15368 MHz, 78, 98 %, 80122 MiB
2026/09/04 10:24:49.381, 369.59 W, 600.00 W, 2737 MHz, 15368 MHz, 76, 99 %, 80122 MiB
2026/09/04 10:24:50.382, 373.77 W, 600.00 W, 2730 MHz, 15368 MHz, 77, 99 %, 80122 MiB
2026/09/04 10:24:51.383, 367.32 W, 600.00 W, 2722 MHz, 15368 MHz, 75, 98 %, 80122 MiB
2026/09/04 10:24:52.383, 397.49 W, 600.00 W, 2655 MHz, 15368 MHz, 79, 99 %, 80122 MiB
2026/09/04 10:24:53.384, 529.90 W, 600.00 W, 2655 MHz, 15368 MHz, 78, 98 %, 80122 MiB
2026/09/04 10:24:54.384, 370.96 W, 600.00 W, 2715 MHz, 15368 MHz, 73, 100 %, 80122 MiB
2026/09/04 10:24:55.385, 369.54 W, 600.00 W, 2730 MHz, 15368 MHz, 76, 99 %, 80122 MiB
2026/09/04 10:24:56.387, 375.75 W, 600.00 W, 2730 MHz, 15368 MHz, 73, 98 %, 80122 MiB
2026/09/04 10:24:57.387, 378.65 W, 600.00 W, 2677 MHz, 15368 MHz, 79, 99 %, 80122 MiB
2026/09/04 10:24:58.388, 554.58 W, 600.00 W, 2647 MHz, 15368 MHz, 79, 99 %, 80122 MiB
2026/09/04 10:24:59.389, 377.90 W, 600.00 W, 2722 MHz, 15368 MHz, 73, 99 %, 80122 MiB
2026/09/04 10:25:00.390, 379.48 W, 600.00 W, 2722 MHz, 15368 MHz, 73, 100 %, 80122 MiB
2026/09/04 10:25:01.391, 375.97 W, 600.00 W, 2730 MHz, 15368 MHz, 75, 98 %, 80122 MiB
2026/09/04 10:25:02.392, 338.93 W, 600.00 W, 2782 MHz, 15368 MHz, 78, 99 %, 80122 MiB
2026/09/04 10:25:03.392, 544.09 W, 600.00 W, 2647 MHz, 15368 MHz, 80, 99 %, 80122 MiB
2026/09/04 10:25:04.393, 443.66 W, 600.00 W, 2722 MHz, 15368 MHz, 75, 98 %, 80122 MiB
2026/09/04 10:25:05.394, 385.41 W, 600.00 W, 2715 MHz, 15368 MHz, 79, 99 %, 80122 MiB
2026/09/04 10:25:06.394, 382.71 W, 600.00 W, 2730 MHz, 15368 MHz, 74, 98 %, 80122 MiB
2026/09/04 10:25:07.395, 331.98 W, 600.00 W, 2737 MHz, 15368 MHz, 70, 0 %, 80122 MiB
2026/09/04 10:25:08.395, 485.77 W, 600.00 W, 2670 MHz, 15368 MHz, 79, 98 %, 80122 MiB
2026/09/04 10:25:09.396, 506.35 W, 600.00 W, 2685 MHz, 15368 MHz, 78, 99 %, 80122 MiB
2026/09/04 10:25:10.396, 390.20 W, 600.00 W, 2730 MHz, 15368 MHz, 78, 98 %, 80122 MiB
2026/09/04 10:25:11.397, 377.72 W, 600.00 W, 2722 MHz, 15368 MHz, 77, 99 %, 80122 MiB
2026/09/04 10:25:12.398, 387.29 W, 600.00 W, 2737 MHz, 15368 MHz, 78, 99 %, 80122 MiB
2026/09/04 10:25:13.398, 337.68 W, 600.00 W, 2737 MHz, 15368 MHz, 78, 99 %, 80122 MiB
2026/09/04 10:25:14.399, 546.05 W, 600.00 W, 2655 MHz, 15368 MHz, 81, 99 %, 80122 MiB
2026/09/04 10:25:15.400, 440.88 W, 600.00 W, 2722 MHz, 15368 MHz, 75, 98 %, 80122 MiB
2026/09/04 10:25:16.400, 384.33 W, 600.00 W, 2722 MHz, 15368 MHz, 77, 99 %, 80122 MiB
2026/09/04 10:25:17.401, 378.30 W, 600.00 W, 2737 MHz, 15368 MHz, 74, 99 %, 80122 MiB
2026/09/04 10:25:18.401, 350.95 W, 600.00 W, 2715 MHz, 15368 MHz, 71, 0 %, 80122 MiB
2026/09/04 10:25:19.402, 418.34 W, 600.00 W, 2670 MHz, 15368 MHz, 81, 99 %, 80122 MiB
2026/09/04 10:25:20.403, 543.24 W, 600.00 W, 2640 MHz, 15368 MHz, 79, 99 %, 80122 MiB
2026/09/04 10:25:21.403, 404.21 W, 600.00 W, 2730 MHz, 15368 MHz, 76, 99 %, 80122 MiB
2026/09/04 10:25:22.404, 384.80 W, 600.00 W, 2715 MHz, 15368 MHz, 75, 98 %, 80122 MiB
2026/09/04 10:25:23.406, 382.34 W, 600.00 W, 2722 MHz, 15368 MHz, 77, 99 %, 80122 MiB
2026/09/04 10:25:24.407, 329.20 W, 600.00 W, 2737 MHz, 15368 MHz, 71, 0 %, 80122 MiB
2026/09/04 10:25:25.407, 449.31 W, 600.00 W, 2662 MHz, 15368 MHz, 79, 99 %, 80122 MiB
2026/09/04 10:25:26.408, 544.99 W, 600.00 W, 2647 MHz, 15368 MHz, 81, 99 %, 80122 MiB
2026/09/04 10:25:27.408, 397.45 W, 600.00 W, 2715 MHz, 15368 MHz, 75, 98 %, 80122 MiB
2026/09/04 10:25:28.409, 388.50 W, 600.00 W, 2737 MHz, 15368 MHz, 75, 99 %, 80122 MiB
2026/09/04 10:25:29.409, 383.20 W, 600.00 W, 2700 MHz, 15368 MHz, 76, 98 %, 80122 MiB
2026/09/04 10:25:30.410, 339.92 W, 600.00 W, 2820 MHz, 15368 MHz, 71, 0 %, 80122 MiB
2026/09/04 10:25:31.410, 419.09 W, 600.00 W, 2655 MHz, 15368 MHz, 80, 99 %, 80122 MiB
2026/09/04 10:25:32.411, 542.25 W, 600.00 W, 2640 MHz, 15368 MHz, 82, 99 %, 80122 MiB
2026/09/04 10:25:33.412, 404.98 W, 600.00 W, 2715 MHz, 15368 MHz, 78, 99 %, 80122 MiB
2026/09/04 10:25:34.412, 399.26 W, 600.00 W, 2715 MHz, 15368 MHz, 80, 100 %, 80122 MiB
2026/09/04 10:25:35.413, 381.02 W, 600.00 W, 2707 MHz, 15368 MHz, 74, 99 %, 80122 MiB
2026/09/04 10:25:36.413, 383.27 W, 600.00 W, 2767 MHz, 15368 MHz, 73, 38 %, 80122 MiB
2026/09/04 10:25:37.414, 304.49 W, 600.00 W, 2662 MHz, 15368 MHz, 78, 99 %, 80122 MiB
2026/09/04 10:25:38.414, 529.16 W, 600.00 W, 2655 MHz, 15368 MHz, 79, 99 %, 80122 MiB
2026/09/04 10:25:39.415, 450.07 W, 600.00 W, 2700 MHz, 15368 MHz, 78, 99 %, 80122 MiB
2026/09/04 10:25:40.415, 388.67 W, 600.00 W, 2715 MHz, 15368 MHz, 78, 99 %, 80122 MiB
2026/09/04 10:25:41.416, 392.95 W, 600.00 W, 2715 MHz, 15368 MHz, 78, 99 %, 80122 MiB
2026/09/04 10:25:42.417, 393.26 W, 600.00 W, 2700 MHz, 15368 MHz, 80, 100 %, 80122 MiB
2026/09/04 10:25:43.417, 271.03 W, 600.00 W, 2767 MHz, 15368 MHz, 77, 60 %, 80122 MiB
2026/09/04 10:25:44.418, 502.08 W, 600.00 W, 2685 MHz, 15368 MHz, 81, 99 %, 80122 MiB
2026/09/04 10:25:45.419, 536.44 W, 600.00 W, 2715 MHz, 15368 MHz, 81, 99 %, 80122 MiB
2026/09/04 10:25:46.419, 412.21 W, 600.00 W, 2722 MHz, 15368 MHz, 79, 100 %, 80122 MiB
2026/09/04 10:25:47.420, 395.50 W, 600.00 W, 2722 MHz, 15368 MHz, 80, 100 %, 80122 MiB
2026/09/04 10:25:48.421, 395.81 W, 600.00 W, 2730 MHz, 15368 MHz, 79, 100 %, 80122 MiB
2026/09/04 10:25:49.421, 414.97 W, 600.00 W, 2722 MHz, 15368 MHz, 80, 100 %, 80122 MiB
2026/09/04 10:25:50.422, 262.11 W, 600.00 W, 2670 MHz, 15368 MHz, 79, 100 %, 80122 MiB
2026/09/04 10:25:51.422, 529.23 W, 600.00 W, 2655 MHz, 15368 MHz, 80, 99 %, 80122 MiB
2026/09/04 10:25:52.423, 495.53 W, 600.00 W, 2707 MHz, 15368 MHz, 79, 99 %, 80122 MiB
2026/09/04 10:25:53.424, 397.33 W, 600.00 W, 2707 MHz, 15368 MHz, 78, 99 %, 80122 MiB
2026/09/04 10:25:54.424, 392.74 W, 600.00 W, 2707 MHz, 15368 MHz, 78, 99 %, 80122 MiB
2026/09/04 10:25:55.425, 394.08 W, 600.00 W, 2700 MHz, 15368 MHz, 78, 99 %, 80122 MiB
2026/09/04 10:25:56.425, 354.92 W, 600.00 W, 2812 MHz, 15368 MHz, 72, 0 %, 80122 MiB
2026/09/04 10:25:57.426, 338.10 W, 600.00 W, 2670 MHz, 15368 MHz, 80, 99 %, 80122 MiB
2026/09/04 10:25:58.427, 524.49 W, 600.00 W, 2662 MHz, 15368 MHz, 79, 99 %, 80122 MiB
2026/09/04 10:25:59.428, 458.98 W, 600.00 W, 2737 MHz, 15368 MHz, 77, 98 %, 80122 MiB
2026/09/04 10:26:00.429, 396.14 W, 600.00 W, 2730 MHz, 15368 MHz, 79, 99 %, 80122 MiB
2026/09/04 10:26:01.429, 389.33 W, 600.00 W, 2715 MHz, 15368 MHz, 76, 99 %, 80122 MiB
2026/09/04 10:26:02.430, 392.07 W, 600.00 W, 2700 MHz, 15368 MHz, 76, 100 %, 80122 MiB
2026/09/04 10:26:03.431, 329.75 W, 600.00 W, 2812 MHz, 15368 MHz, 72, 0 %, 80122 MiB
2026/09/04 10:26:04.431, 373.93 W, 600.00 W, 2670 MHz, 15368 MHz, 81, 99 %, 80122 MiB
2026/09/04 10:26:05.432, 518.14 W, 600.00 W, 2670 MHz, 15368 MHz, 79, 99 %, 80122 MiB
2026/09/04 10:26:06.433, 464.12 W, 600.00 W, 2737 MHz, 15368 MHz, 81, 98 %, 80122 MiB
2026/09/04 10:26:07.433, 389.94 W, 600.00 W, 2715 MHz, 15368 MHz, 76, 99 %, 80122 MiB
2026/09/04 10:26:08.434, 402.17 W, 600.00 W, 2700 MHz, 15368 MHz, 80, 99 %, 80122 MiB
2026/09/04 10:26:09.435, 396.64 W, 600.00 W, 2700 MHz, 15368 MHz, 78, 99 %, 80122 MiB
2026/09/04 10:26:10.436, 348.12 W, 600.00 W, 2812 MHz, 15368 MHz, 72, 0 %, 80122 MiB
2026/09/04 10:26:11.436, 315.70 W, 600.00 W, 2662 MHz, 15368 MHz, 79, 99 %, 80122 MiB
2026/09/04 10:26:12.437, 521.88 W, 600.00 W, 2662 MHz, 15368 MHz, 79, 100 %, 80122 MiB
2026/09/04 10:26:13.438, 486.79 W, 600.00 W, 2692 MHz, 15368 MHz, 78, 99 %, 80122 MiB
2026/09/04 10:26:14.438, 401.43 W, 600.00 W, 2722 MHz, 15368 MHz, 78, 99 %, 80122 MiB
2026/09/04 10:26:15.439, 400.68 W, 600.00 W, 2722 MHz, 15368 MHz, 79, 99 %, 80122 MiB
2026/09/04 10:26:16.440, 400.64 W, 600.00 W, 2700 MHz, 15368 MHz, 76, 100 %, 80122 MiB
2026/09/04 10:26:17.440, 410.64 W, 600.00 W, 2700 MHz, 15368 MHz, 80, 100 %, 80122 MiB
2026/09/04 10:26:18.441, 215.70 W, 600.00 W, 2715 MHz, 15368 MHz, 77, 98 %, 80122 MiB
2026/09/04 10:26:19.442, 508.90 W, 600.00 W, 2662 MHz, 15368 MHz, 82, 99 %, 80122 MiB
2026/09/04 10:26:20.442, 528.03 W, 600.00 W, 2655 MHz, 15368 MHz, 81, 98 %, 80122 MiB
2026/09/04 10:26:21.443, 415.27 W, 600.00 W, 2737 MHz, 15368 MHz, 81, 98 %, 80122 MiB
2026/09/04 10:26:22.444, 399.83 W, 600.00 W, 2692 MHz, 15368 MHz, 78, 100 %, 80122 MiB
2026/09/04 10:26:23.445, 392.86 W, 600.00 W, 2700 MHz, 15368 MHz, 78, 99 %, 80122 MiB
2026/09/04 10:26:24.446, 398.10 W, 600.00 W, 2737 MHz, 15368 MHz, 75, 98 %, 80122 MiB
2026/09/04 10:26:25.447, 313.04 W, 600.00 W, 2820 MHz, 15368 MHz, 72, 0 %, 80122 MiB
2026/09/04 10:26:26.448, 367.35 W, 600.00 W, 2670 MHz, 15368 MHz, 81, 99 %, 80122 MiB
2026/09/04 10:26:27.449, 516.01 W, 600.00 W, 2655 MHz, 15368 MHz, 81, 99 %, 80122 MiB
2026/09/04 10:26:28.450, 480.48 W, 600.00 W, 2700 MHz, 15368 MHz, 79, 99 %, 80122 MiB
2026/09/04 10:26:29.450, 403.85 W, 600.00 W, 2745 MHz, 15368 MHz, 77, 99 %, 80122 MiB
2026/09/04 10:26:30.451, 398.68 W, 600.00 W, 2692 MHz, 15368 MHz, 77, 100 %, 80122 MiB
2026/09/04 10:26:31.452, 397.45 W, 600.00 W, 2700 MHz, 15368 MHz, 78, 99 %, 80122 MiB
2026/09/04 10:26:32.453, 402.75 W, 600.00 W, 2730 MHz, 15368 MHz, 76, 98 %, 80122 MiB
2026/09/04 10:26:33.453, 227.61 W, 600.00 W, 2805 MHz, 15368 MHz, 72, 0 %, 80122 MiB
2026/09/04 10:26:34.454, 486.60 W, 600.00 W, 2700 MHz, 15368 MHz, 81, 99 %, 80122 MiB
2026/09/04 10:26:35.454, 511.00 W, 600.00 W, 2685 MHz, 15368 MHz, 79, 100 %, 80122 MiB
2026/09/04 10:26:36.455, 462.84 W, 600.00 W, 2730 MHz, 15368 MHz, 76, 100 %, 80122 MiB
2026/09/04 10:26:37.456, 398.70 W, 600.00 W, 2722 MHz, 15368 MHz, 78, 99 %, 80122 MiB
2026/09/04 10:26:38.457, 396.25 W, 600.00 W, 2730 MHz, 15368 MHz, 77, 99 %, 80122 MiB
2026/09/04 10:26:39.458, 396.22 W, 600.00 W, 2730 MHz, 15368 MHz, 78, 99 %, 80122 MiB
2026/09/04 10:26:40.459, 408.12 W, 600.00 W, 2737 MHz, 15368 MHz, 80, 99 %, 80122 MiB
2026/09/04 10:26:41.459, 239.62 W, 600.00 W, 2820 MHz, 15368 MHz, 72, 0 %, 80122 MiB
2026/09/04 10:26:42.460, 408.89 W, 600.00 W, 2677 MHz, 15368 MHz, 82, 98 %, 80122 MiB
2026/09/04 10:26:43.460, 512.60 W, 600.00 W, 2662 MHz, 15368 MHz, 82, 99 %, 80122 MiB
2026/09/04 10:26:44.461, 467.46 W, 600.00 W, 2715 MHz, 15368 MHz, 79, 98 %, 80122 MiB
2026/09/04 10:26:45.463, 403.07 W, 600.00 W, 2707 MHz, 15368 MHz, 79, 99 %, 80122 MiB
2026/09/04 10:26:46.464, 402.96 W, 600.00 W, 2700 MHz, 15368 MHz, 78, 99 %, 80122 MiB
2026/09/04 10:26:47.465, 394.36 W, 600.00 W, 2730 MHz, 15368 MHz, 78, 99 %, 80122 MiB
2026/09/04 10:26:48.465, 406.48 W, 600.00 W, 2685 MHz, 15368 MHz, 78, 100 %, 80122 MiB
2026/09/04 10:26:49.466, 263.93 W, 600.00 W, 2812 MHz, 15368 MHz, 72, 0 %, 80122 MiB
2026/09/04 10:26:50.467, 379.00 W, 600.00 W, 2677 MHz, 15368 MHz, 78, 100 %, 80122 MiB
2026/09/04 10:26:51.467, 508.88 W, 600.00 W, 2662 MHz, 15368 MHz, 82, 98 %, 80122 MiB
2026/09/04 10:26:52.468, 492.45 W, 600.00 W, 2692 MHz, 15368 MHz, 81, 99 %, 80122 MiB
2026/09/04 10:26:53.469, 399.14 W, 600.00 W, 2715 MHz, 15368 MHz, 79, 98 %, 80122 MiB
2026/09/04 10:26:54.470, 399.86 W, 600.00 W, 2700 MHz, 15368 MHz, 78, 100 %, 80122 MiB
2026/09/04 10:26:55.471, 398.73 W, 600.00 W, 2715 MHz, 15368 MHz, 78, 98 %, 80122 MiB
2026/09/04 10:26:56.472, 407.39 W, 600.00 W, 2700 MHz, 15368 MHz, 76, 100 %, 80122 MiB
2026/09/04 10:26:57.472, 336.01 W, 600.00 W, 2812 MHz, 15368 MHz, 73, 0 %, 80122 MiB
2026/09/04 10:26:58.473, 260.52 W, 600.00 W, 2677 MHz, 15368 MHz, 78, 100 %, 80122 MiB
2026/09/04 10:26:59.474, 502.98 W, 600.00 W, 2662 MHz, 15368 MHz, 80, 99 %, 80122 MiB
2026/09/04 10:27:00.474, 502.52 W, 600.00 W, 2662 MHz, 15368 MHz, 79, 100 %, 80122 MiB
2026/09/04 10:27:01.475, 425.64 W, 600.00 W, 2715 MHz, 15368 MHz, 78, 99 %, 80122 MiB
2026/09/04 10:27:02.476, 395.69 W, 600.00 W, 2700 MHz, 15368 MHz, 81, 100 %, 80122 MiB
2026/09/04 10:27:03.477, 389.68 W, 600.00 W, 2737 MHz, 15368 MHz, 76, 98 %, 80122 MiB
2026/09/04 10:27:04.478, 399.33 W, 600.00 W, 2692 MHz, 15368 MHz, 78, 100 %, 80122 MiB
2026/09/04 10:27:05.478, 400.96 W, 600.00 W, 2737 MHz, 15368 MHz, 77, 99 %, 80122 MiB
2026/09/04 10:27:06.479, 211.67 W, 600.00 W, 2812 MHz, 15368 MHz, 72, 0 %, 80122 MiB
2026/09/04 10:27:07.480, 439.31 W, 600.00 W, 2677 MHz, 15368 MHz, 79, 99 %, 80122 MiB
2026/09/04 10:27:08.481, 498.41 W, 600.00 W, 2662 MHz, 15368 MHz, 79, 99 %, 80122 MiB
2026/09/04 10:27:09.483, 490.60 W, 600.00 W, 2700 MHz, 15368 MHz, 77, 98 %, 80122 MiB
2026/09/04 10:27:10.484, 401.69 W, 600.00 W, 2715 MHz, 15368 MHz, 78, 99 %, 80122 MiB
2026/09/04 10:27:11.485, 396.96 W, 600.00 W, 2692 MHz, 15368 MHz, 79, 99 %, 80122 MiB
2026/09/04 10:27:12.486, 398.40 W, 600.00 W, 2745 MHz, 15368 MHz, 78, 99 %, 80122 MiB
2026/09/04 10:27:13.486, 398.10 W, 600.00 W, 2685 MHz, 15368 MHz, 80, 100 %, 80122 MiB
2026/09/04 10:27:14.487, 378.81 W, 600.00 W, 2745 MHz, 15368 MHz, 74, 0 %, 80122 MiB
2026/09/04 10:27:15.488, 181.24 W, 600.00 W, 2812 MHz, 15368 MHz, 72, 0 %, 80122 MiB
2026/09/04 10:27:16.489, 408.71 W, 600.00 W, 2677 MHz, 15368 MHz, 78, 100 %, 80122 MiB
2026/09/04 10:27:17.490, 499.31 W, 600.00 W, 2670 MHz, 15368 MHz, 81, 99 %, 80122 MiB
2026/09/04 10:27:18.490, 483.77 W, 600.00 W, 2700 MHz, 15368 MHz, 81, 99 %, 80122 MiB
2026/09/04 10:27:19.491, 397.41 W, 600.00 W, 2737 MHz, 15368 MHz, 78, 99 %, 80122 MiB
2026/09/04 10:27:20.492, 403.73 W, 600.00 W, 2692 MHz, 15368 MHz, 80, 100 %, 80122 MiB
2026/09/04 10:27:21.493, 401.91 W, 600.00 W, 2700 MHz, 15368 MHz, 82, 98 %, 80122 MiB
2026/09/04 10:27:22.494, 398.75 W, 600.00 W, 2737 MHz, 15368 MHz, 78, 99 %, 80122 MiB
2026/09/04 10:27:23.495, 407.79 W, 600.00 W, 2677 MHz, 15368 MHz, 76, 100 %, 80122 MiB
2026/09/04 10:27:24.495, 380.77 W, 600.00 W, 2640 MHz, 15368 MHz, 80, 100 %, 80122 MiB
2026/09/04 10:27:25.496, 332.60 W, 600.00 W, 2745 MHz, 15368 MHz, 78, 98 %, 80122 MiB
2026/09/04 10:27:26.496, 296.65 W, 600.00 W, 2752 MHz, 15368 MHz, 75, 98 %, 80122 MiB
2026/09/04 10:27:27.497, 255.55 W, 600.00 W, 2805 MHz, 15368 MHz, 73, 23 %, 80122 MiB
2026/09/04 10:27:28.498, 184.89 W, 600.00 W, 2812 MHz, 15368 MHz, 72, 23 %, 80122 MiB
2026/09/04 10:27:29.498, 180.60 W, 600.00 W, 2737 MHz, 15368 MHz, 72, 23 %, 80122 MiB
2026/09/04 10:27:30.499, 173.94 W, 600.00 W, 2737 MHz, 15368 MHz, 71, 23 %, 80122 MiB
2026/09/04 10:27:31.499, 175.62 W, 600.00 W, 2730 MHz, 15368 MHz, 71, 23 %, 80122 MiB
2026/09/04 10:27:32.500, 174.01 W, 600.00 W, 2730 MHz, 15368 MHz, 70, 24 %, 80122 MiB
2026/09/04 10:27:33.501, 173.85 W, 600.00 W, 2730 MHz, 15368 MHz, 70, 21 %, 80122 MiB
2026/09/04 10:27:34.501, 173.18 W, 600.00 W, 2737 MHz, 15368 MHz, 70, 23 %, 80122 MiB
2026/09/04 10:27:35.502, 172.29 W, 600.00 W, 2730 MHz, 15368 MHz, 70, 23 %, 80122 MiB
2026/09/04 10:27:36.503, 172.64 W, 600.00 W, 2737 MHz, 15368 MHz, 69, 20 %, 80122 MiB
2026/09/04 10:27:37.503, 172.91 W, 600.00 W, 2730 MHz, 15368 MHz, 69, 20 %, 80122 MiB
2026/09/04 10:27:38.504, 124.63 W, 600.00 W, 2610 MHz, 15368 MHz, 67, 6 %, 80122 MiB
2026/09/04 10:27:39.504, 210.27 W, 600.00 W, 2700 MHz, 15368 MHz, 77, 97 %, 80122 MiB
2026/09/04 10:27:40.505, 505.07 W, 600.00 W, 2715 MHz, 15368 MHz, 72, 98 %, 80122 MiB
2026/09/04 10:27:41.507, 345.81 W, 600.00 W, 2745 MHz, 15368 MHz, 74, 99 %, 80122 MiB
2026/09/04 10:27:42.508, 339.23 W, 600.00 W, 2745 MHz, 15368 MHz, 71, 99 %, 80122 MiB
2026/09/04 10:27:43.509, 388.87 W, 600.00 W, 2670 MHz, 15368 MHz, 79, 98 %, 80122 MiB
2026/09/04 10:27:44.509, 507.73 W, 600.00 W, 2737 MHz, 15368 MHz, 74, 98 %, 80122 MiB
2026/09/04 10:27:45.510, 346.94 W, 600.00 W, 2730 MHz, 15368 MHz, 74, 98 %, 80122 MiB
2026/09/04 10:27:46.511, 346.56 W, 600.00 W, 2745 MHz, 15368 MHz, 76, 99 %, 80122 MiB
2026/09/04 10:27:47.515, 394.15 W, 600.00 W, 2677 MHz, 15368 MHz, 78, 98 %, 80122 MiB
2026/09/04 10:27:48.516, 512.71 W, 600.00 W, 2730 MHz, 15368 MHz, 78, 99 %, 80122 MiB
2026/09/04 10:27:49.517, 352.59 W, 600.00 W, 2737 MHz, 15368 MHz, 74, 99 %, 80122 MiB
2026/09/04 10:27:50.518, 356.77 W, 600.00 W, 2737 MHz, 15368 MHz, 77, 98 %, 80122 MiB
2026/09/04 10:27:51.519, 367.71 W, 600.00 W, 2715 MHz, 15368 MHz, 79, 98 %, 80122 MiB
2026/09/04 10:27:52.520, 538.96 W, 600.00 W, 2655 MHz, 15368 MHz, 74, 98 %, 80122 MiB
2026/09/04 10:27:53.521, 362.27 W, 600.00 W, 2730 MHz, 15368 MHz, 76, 98 %, 80122 MiB
2026/09/04 10:27:54.522, 355.03 W, 600.00 W, 2730 MHz, 15368 MHz, 73, 98 %, 80122 MiB
2026/09/04 10:27:55.523, 335.45 W, 600.00 W, 2760 MHz, 15368 MHz, 71, 0 %, 80122 MiB
2026/09/04 10:27:56.524, 498.65 W, 600.00 W, 2640 MHz, 15368 MHz, 79, 98 %, 80122 MiB
2026/09/04 10:27:57.525, 418.18 W, 600.00 W, 2730 MHz, 15368 MHz, 78, 98 %, 80122 MiB
2026/09/04 10:27:58.526, 355.54 W, 600.00 W, 2730 MHz, 15368 MHz, 74, 99 %, 80122 MiB
2026/09/04 10:27:59.527, 364.19 W, 600.00 W, 2730 MHz, 15368 MHz, 75, 99 %, 80122 MiB
2026/09/04 10:28:00.527, 424.72 W, 600.00 W, 2670 MHz, 15368 MHz, 79, 98 %, 80122 MiB
2026/09/04 10:28:01.529, 502.13 W, 600.00 W, 2722 MHz, 15368 MHz, 74, 99 %, 80122 MiB
2026/09/04 10:28:02.530, 368.92 W, 600.00 W, 2730 MHz, 15368 MHz, 76, 98 %, 80122 MiB
2026/09/04 10:28:03.530, 366.22 W, 600.00 W, 2737 MHz, 15368 MHz, 77, 99 %, 80122 MiB
2026/09/04 10:28:04.531, 346.07 W, 600.00 W, 2782 MHz, 15368 MHz, 79, 98 %, 80122 MiB
2026/09/04 10:28:05.533, 545.52 W, 600.00 W, 2655 MHz, 15368 MHz, 79, 98 %, 80122 MiB
2026/09/04 10:28:06.533, 436.04 W, 600.00 W, 2730 MHz, 15368 MHz, 80, 99 %, 80122 MiB
2026/09/04 10:28:07.534, 366.37 W, 600.00 W, 2730 MHz, 15368 MHz, 78, 99 %, 80122 MiB
2026/09/04 10:28:08.535, 365.72 W, 600.00 W, 2730 MHz, 15368 MHz, 76, 98 %, 80122 MiB
2026/09/04 10:28:09.536, 389.21 W, 600.00 W, 2670 MHz, 15368 MHz, 80, 99 %, 80122 MiB
2026/09/04 10:28:10.537, 554.02 W, 600.00 W, 2655 MHz, 15368 MHz, 77, 98 %, 80122 MiB
2026/09/04 10:28:11.538, 377.28 W, 600.00 W, 2737 MHz, 15368 MHz, 79, 99 %, 80122 MiB
2026/09/04 10:28:12.538, 370.08 W, 600.00 W, 2722 MHz, 15368 MHz, 77, 98 %, 80122 MiB
2026/09/04 10:28:13.539, 378.69 W, 600.00 W, 2722 MHz, 15368 MHz, 78, 98 %, 80122 MiB
2026/09/04 10:28:14.540, 402.08 W, 600.00 W, 2670 MHz, 15368 MHz, 81, 99 %, 80122 MiB
2026/09/04 10:28:15.541, 526.84 W, 600.00 W, 2692 MHz, 15368 MHz, 76, 98 %, 80122 MiB
2026/09/04 10:28:16.542, 375.80 W, 600.00 W, 2715 MHz, 15368 MHz, 75, 99 %, 80122 MiB
2026/09/04 10:28:17.542, 377.72 W, 600.00 W, 2730 MHz, 15368 MHz, 79, 99 %, 80122 MiB
2026/09/04 10:28:18.543, 375.46 W, 600.00 W, 2715 MHz, 15368 MHz, 79, 99 %, 80122 MiB
2026/09/04 10:28:19.544, 400.94 W, 600.00 W, 2662 MHz, 15368 MHz, 80, 99 %, 80122 MiB
2026/09/04 10:28:20.545, 531.39 W, 600.00 W, 2692 MHz, 15368 MHz, 77, 98 %, 80122 MiB
2026/09/04 10:28:21.546, 381.31 W, 600.00 W, 2722 MHz, 15368 MHz, 78, 99 %, 80122 MiB
2026/09/04 10:28:22.547, 378.17 W, 600.00 W, 2730 MHz, 15368 MHz, 79, 99 %, 80122 MiB
2026/09/04 10:28:23.548, 377.30 W, 600.00 W, 2715 MHz, 15368 MHz, 78, 98 %, 80122 MiB
2026/09/04 10:28:24.549, 384.50 W, 600.00 W, 2662 MHz, 15368 MHz, 81, 98 %, 80122 MiB
2026/09/04 10:28:25.549, 559.78 W, 600.00 W, 2632 MHz, 15368 MHz, 82, 99 %, 80122 MiB
2026/09/04 10:28:26.550, 378.87 W, 600.00 W, 2722 MHz, 15368 MHz, 77, 98 %, 80122 MiB
2026/09/04 10:28:27.551, 385.29 W, 600.00 W, 2722 MHz, 15368 MHz, 78, 99 %, 80122 MiB
2026/09/04 10:28:28.552, 381.46 W, 600.00 W, 2730 MHz, 15368 MHz, 78, 99 %, 80122 MiB
2026/09/04 10:28:29.552, 340.95 W, 600.00 W, 2700 MHz, 15368 MHz, 81, 98 %, 80122 MiB
2026/09/04 10:28:30.555, 547.95 W, 600.00 W, 2647 MHz, 15368 MHz, 82, 100 %, 80122 MiB
2026/09/04 10:28:31.556, 435.99 W, 600.00 W, 2707 MHz, 15368 MHz, 76, 98 %, 80122 MiB
2026/09/04 10:28:32.557, 391.20 W, 600.00 W, 2722 MHz, 15368 MHz, 81, 99 %, 80122 MiB
2026/09/04 10:28:33.557, 376.73 W, 600.00 W, 2715 MHz, 15368 MHz, 76, 98 %, 80122 MiB
2026/09/04 10:28:34.558, 337.06 W, 600.00 W, 2805 MHz, 15368 MHz, 72, 0 %, 80122 MiB
2026/09/04 10:28:35.559, 484.19 W, 600.00 W, 2662 MHz, 15368 MHz, 82, 98 %, 80122 MiB
2026/09/04 10:28:36.560, 516.78 W, 600.00 W, 2730 MHz, 15368 MHz, 80, 99 %, 80122 MiB
2026/09/04 10:28:37.562, 393.36 W, 600.00 W, 2722 MHz, 15368 MHz, 80, 99 %, 80122 MiB
2026/09/04 10:28:38.562, 377.81 W, 600.00 W, 2730 MHz, 15368 MHz, 79, 99 %, 80122 MiB
2026/09/04 10:28:39.563, 386.22 W, 600.00 W, 2707 MHz, 15368 MHz, 78, 98 %, 80122 MiB
2026/09/04 10:28:40.564, 335.70 W, 600.00 W, 2662 MHz, 15368 MHz, 82, 98 %, 80122 MiB
2026/09/04 10:28:41.565, 549.92 W, 600.00 W, 2647 MHz, 15368 MHz, 82, 100 %, 80122 MiB
2026/09/04 10:28:42.566, 441.34 W, 600.00 W, 2715 MHz, 15368 MHz, 81, 99 %, 80122 MiB
2026/09/04 10:28:43.566, 377.67 W, 600.00 W, 2730 MHz, 15368 MHz, 79, 99 %, 80122 MiB
2026/09/04 10:28:44.567, 390.55 W, 600.00 W, 2715 MHz, 15368 MHz, 76, 100 %, 80122 MiB
2026/09/04 10:28:45.568, 366.92 W, 600.00 W, 2745 MHz, 15368 MHz, 73, 0 %, 80122 MiB
2026/09/04 10:28:46.568, 401.93 W, 600.00 W, 2662 MHz, 15368 MHz, 82, 100 %, 80122 MiB
2026/09/04 10:28:47.569, 548.11 W, 600.00 W, 2640 MHz, 15368 MHz, 82, 98 %, 80122 MiB
2026/09/04 10:28:48.570, 406.63 W, 600.00 W, 2700 MHz, 15368 MHz, 79, 100 %, 80122 MiB
2026/09/04 10:28:49.571, 393.47 W, 600.00 W, 2707 MHz, 15368 MHz, 78, 98 %, 80122 MiB
2026/09/04 10:28:50.572, 382.18 W, 600.00 W, 2707 MHz, 15368 MHz, 76, 99 %, 80122 MiB
2026/09/04 10:28:51.573, 352.31 W, 600.00 W, 2797 MHz, 15368 MHz, 73, 0 %, 80122 MiB
2026/09/04 10:28:52.573, 424.38 W, 600.00 W, 2670 MHz, 15368 MHz, 83, 99 %, 80122 MiB
2026/09/04 10:28:53.575, 548.04 W, 600.00 W, 2647 MHz, 15368 MHz, 82, 98 %, 80122 MiB
2026/09/04 10:28:54.576, 406.92 W, 600.00 W, 2707 MHz, 15368 MHz, 79, 100 %, 80122 MiB
2026/09/04 10:28:55.577, 392.94 W, 600.00 W, 2715 MHz, 15368 MHz, 77, 99 %, 80122 MiB
2026/09/04 10:28:56.577, 392.73 W, 600.00 W, 2707 MHz, 15368 MHz, 81, 98 %, 80122 MiB
2026/09/04 10:28:57.578, 362.20 W, 600.00 W, 2767 MHz, 15368 MHz, 74, 0 %, 80122 MiB
2026/09/04 10:28:58.579, 396.30 W, 600.00 W, 2655 MHz, 15368 MHz, 80, 99 %, 80122 MiB
2026/09/04 10:28:59.579, 541.44 W, 600.00 W, 2632 MHz, 15368 MHz, 83, 100 %, 80122 MiB
2026/09/04 10:29:00.581, 411.00 W, 600.00 W, 2715 MHz, 15368 MHz, 76, 99 %, 80122 MiB
2026/09/04 10:29:01.582, 390.06 W, 600.00 W, 2737 MHz, 15368 MHz, 79, 99 %, 80122 MiB
2026/09/04 10:29:02.583, 400.38 W, 600.00 W, 2715 MHz, 15368 MHz, 79, 99 %, 80122 MiB
2026/09/04 10:29:03.583, 405.52 W, 600.00 W, 2707 MHz, 15368 MHz, 77, 99 %, 80122 MiB
2026/09/04 10:29:04.584, 316.36 W, 600.00 W, 2662 MHz, 15368 MHz, 80, 99 %, 80122 MiB
2026/09/04 10:29:05.585, 534.69 W, 600.00 W, 2640 MHz, 15368 MHz, 81, 99 %, 80122 MiB
2026/09/04 10:29:06.585, 455.12 W, 600.00 W, 2722 MHz, 15368 MHz, 79, 99 %, 80122 MiB
2026/09/04 10:29:07.586, 387.72 W, 600.00 W, 2737 MHz, 15368 MHz, 79, 99 %, 80122 MiB
2026/09/04 10:29:08.587, 393.60 W, 600.00 W, 2730 MHz, 15368 MHz, 80, 99 %, 80122 MiB
2026/09/04 10:29:09.588, 397.71 W, 600.00 W, 2707 MHz, 15368 MHz, 80, 99 %, 80122 MiB
2026/09/04 10:29:10.589, 277.85 W, 600.00 W, 2805 MHz, 15368 MHz, 79, 44 %, 80122 MiB
2026/09/04 10:29:11.589, 519.92 W, 600.00 W, 2677 MHz, 15368 MHz, 83, 99 %, 80122 MiB
2026/09/04 10:29:12.590, 541.69 W, 600.00 W, 2677 MHz, 15368 MHz, 83, 100 %, 80122 MiB
2026/09/04 10:29:13.591, 416.27 W, 600.00 W, 2730 MHz, 15368 MHz, 82, 100 %, 80122 MiB
2026/09/04 10:29:14.592, 406.21 W, 600.00 W, 2722 MHz, 15368 MHz, 80, 100 %, 80122 MiB
2026/09/04 10:29:15.593, 397.94 W, 600.00 W, 2737 MHz, 15368 MHz, 80, 99 %, 80122 MiB
2026/09/04 10:29:16.594, 413.42 W, 600.00 W, 2730 MHz, 15368 MHz, 80, 99 %, 80122 MiB
2026/09/04 10:29:17.594, 279.28 W, 600.00 W, 2707 MHz, 15368 MHz, 79, 99 %, 80122 MiB
2026/09/04 10:29:18.595, 529.77 W, 600.00 W, 2655 MHz, 15368 MHz, 84, 99 %, 80122 MiB
2026/09/04 10:29:19.596, 502.57 W, 600.00 W, 2737 MHz, 15368 MHz, 80, 99 %, 80122 MiB
2026/09/04 10:29:20.597, 400.21 W, 600.00 W, 2737 MHz, 15368 MHz, 79, 99 %, 80122 MiB
2026/09/04 10:29:21.598, 396.06 W, 600.00 W, 2730 MHz, 15368 MHz, 79, 98 %, 80122 MiB
2026/09/04 10:29:22.599, 389.64 W, 600.00 W, 2730 MHz, 15368 MHz, 76, 99 %, 80122 MiB
2026/09/04 10:29:23.600, 373.98 W, 600.00 W, 2767 MHz, 15368 MHz, 74, 0 %, 80122 MiB
2026/09/04 10:29:24.600, 322.79 W, 600.00 W, 2662 MHz, 15368 MHz, 82, 100 %, 80122 MiB
2026/09/04 10:29:25.601, 529.32 W, 600.00 W, 2647 MHz, 15368 MHz, 82, 98 %, 80122 MiB
2026/09/04 10:29:26.602, 472.12 W, 600.00 W, 2700 MHz, 15368 MHz, 81, 99 %, 80122 MiB
2026/09/04 10:29:27.603, 396.57 W, 600.00 W, 2707 MHz, 15368 MHz, 80, 99 %, 80122 MiB
2026/09/04 10:29:28.603, 398.07 W, 600.00 W, 2700 MHz, 15368 MHz, 79, 100 %, 80122 MiB
2026/09/04 10:29:29.605, 401.39 W, 600.00 W, 2707 MHz, 15368 MHz, 79, 100 %, 80122 MiB
2026/09/04 10:29:30.606, 350.36 W, 600.00 W, 2797 MHz, 15368 MHz, 74, 0 %, 80122 MiB
2026/09/04 10:29:31.606, 310.43 W, 600.00 W, 2662 MHz, 15368 MHz, 80, 99 %, 80122 MiB
2026/09/04 10:29:32.607, 523.67 W, 600.00 W, 2655 MHz, 15368 MHz, 81, 99 %, 80122 MiB
2026/09/04 10:29:33.608, 485.34 W, 600.00 W, 2700 MHz, 15368 MHz, 82, 99 %, 80122 MiB
2026/09/04 10:29:34.608, 401.09 W, 600.00 W, 2715 MHz, 15368 MHz, 80, 99 %, 80122 MiB
2026/09/04 10:29:35.609, 389.88 W, 600.00 W, 2737 MHz, 15368 MHz, 79, 99 %, 80122 MiB
2026/09/04 10:29:36.610, 389.65 W, 600.00 W, 2715 MHz, 15368 MHz, 77, 99 %, 80122 MiB
2026/09/04 10:29:37.611, 389.27 W, 600.00 W, 2715 MHz, 15368 MHz, 75, 23 %, 80122 MiB
2026/09/04 10:29:38.612, 261.04 W, 600.00 W, 2670 MHz, 15368 MHz, 81, 100 %, 80122 MiB
2026/09/04 10:29:39.613, 524.87 W, 600.00 W, 2647 MHz, 15368 MHz, 84, 99 %, 80122 MiB
2026/09/04 10:29:40.613, 508.49 W, 600.00 W, 2677 MHz, 15368 MHz, 82, 99 %, 80122 MiB
2026/09/04 10:29:41.614, 404.46 W, 600.00 W, 2700 MHz, 15368 MHz, 77, 100 %, 80122 MiB
2026/09/04 10:29:42.615, 402.02 W, 600.00 W, 2700 MHz, 15368 MHz, 80, 100 %, 80122 MiB
2026/09/04 10:29:43.616, 396.17 W, 600.00 W, 2745 MHz, 15368 MHz, 79, 99 %, 80122 MiB
2026/09/04 10:29:44.617, 408.28 W, 600.00 W, 2715 MHz, 15368 MHz, 79, 99 %, 80122 MiB
2026/09/04 10:29:45.617, 245.67 W, 600.00 W, 2797 MHz, 15368 MHz, 77, 75 %, 80122 MiB
2026/09/04 10:29:46.618, 491.99 W, 600.00 W, 2662 MHz, 15368 MHz, 80, 100 %, 80122 MiB
2026/09/04 10:29:47.619, 524.59 W, 600.00 W, 2647 MHz, 15368 MHz, 80, 100 %, 80122 MiB
2026/09/04 10:29:48.620, 439.10 W, 600.00 W, 2692 MHz, 15368 MHz, 81, 100 %, 80122 MiB
2026/09/04 10:29:49.620, 398.66 W, 600.00 W, 2737 MHz, 15368 MHz, 80, 99 %, 80122 MiB
2026/09/04 10:29:50.621, 404.83 W, 600.00 W, 2700 MHz, 15368 MHz, 78, 99 %, 80122 MiB
2026/09/04 10:29:51.622, 399.91 W, 600.00 W, 2700 MHz, 15368 MHz, 77, 100 %, 80122 MiB
2026/09/04 10:29:52.622, 340.09 W, 600.00 W, 2805 MHz, 15368 MHz, 74, 0 %, 80122 MiB
2026/09/04 10:29:53.623, 286.92 W, 600.00 W, 2662 MHz, 15368 MHz, 83, 99 %, 80122 MiB
2026/09/04 10:29:54.623, 515.81 W, 600.00 W, 2655 MHz, 15368 MHz, 83, 99 %, 80122 MiB
2026/09/04 10:29:55.624, 508.82 W, 600.00 W, 2655 MHz, 15368 MHz, 78, 99 %, 80122 MiB
2026/09/04 10:29:56.625, 406.13 W, 600.00 W, 2715 MHz, 15368 MHz, 80, 99 %, 80122 MiB
2026/09/04 10:29:57.625, 397.39 W, 600.00 W, 2707 MHz, 15368 MHz, 77, 99 %, 80122 MiB
2026/09/04 10:29:58.626, 402.28 W, 600.00 W, 2692 MHz, 15368 MHz, 77, 100 %, 80122 MiB
2026/09/04 10:29:59.627, 399.71 W, 600.00 W, 2722 MHz, 15368 MHz, 80, 99 %, 80122 MiB
2026/09/04 10:30:00.628, 291.31 W, 600.00 W, 2812 MHz, 15368 MHz, 73, 0 %, 80122 MiB
2026/09/04 10:30:01.629, 362.68 W, 600.00 W, 2692 MHz, 15368 MHz, 80, 100 %, 80122 MiB
2026/09/04 10:30:02.630, 515.64 W, 600.00 W, 2685 MHz, 15368 MHz, 81, 99 %, 80122 MiB
2026/09/04 10:30:03.631, 492.51 W, 600.00 W, 2715 MHz, 15368 MHz, 80, 98 %, 80122 MiB
2026/09/04 10:30:04.631, 403.60 W, 600.00 W, 2730 MHz, 15368 MHz, 80, 100 %, 80122 MiB
2026/09/04 10:30:05.632, 402.14 W, 600.00 W, 2722 MHz, 15368 MHz, 82, 99 %, 80122 MiB
2026/09/04 10:30:06.633, 401.31 W, 600.00 W, 2730 MHz, 15368 MHz, 80, 100 %, 80122 MiB
2026/09/04 10:30:07.634, 403.73 W, 600.00 W, 2730 MHz, 15368 MHz, 79, 98 %, 80122 MiB
2026/09/04 10:30:08.635, 324.02 W, 600.00 W, 2812 MHz, 15368 MHz, 74, 0 %, 80122 MiB
2026/09/04 10:30:09.635, 278.64 W, 600.00 W, 2655 MHz, 15368 MHz, 83, 99 %, 80122 MiB
2026/09/04 10:30:10.636, 503.95 W, 600.00 W, 2662 MHz, 15368 MHz, 80, 100 %, 80122 MiB
2026/09/04 10:30:11.636, 513.87 W, 600.00 W, 2655 MHz, 15368 MHz, 81, 99 %, 80122 MiB
2026/09/04 10:30:12.637, 420.91 W, 600.00 W, 2700 MHz, 15368 MHz, 83, 98 %, 80122 MiB
2026/09/04 10:30:13.638, 394.87 W, 600.00 W, 2707 MHz, 15368 MHz, 80, 100 %, 80122 MiB
2026/09/04 10:30:14.638, 400.67 W, 600.00 W, 2707 MHz, 15368 MHz, 77, 99 %, 80122 MiB
2026/09/04 10:30:15.639, 406.71 W, 600.00 W, 2692 MHz, 15368 MHz, 81, 100 %, 80122 MiB
2026/09/04 10:30:16.640, 371.73 W, 600.00 W, 2767 MHz, 15368 MHz, 74, 0 %, 80122 MiB
2026/09/04 10:30:17.640, 230.18 W, 600.00 W, 2715 MHz, 15368 MHz, 79, 99 %, 80122 MiB
2026/09/04 10:30:18.641, 505.58 W, 600.00 W, 2655 MHz, 15368 MHz, 83, 99 %, 80122 MiB
2026/09/04 10:30:19.642, 513.43 W, 600.00 W, 2655 MHz, 15368 MHz, 80, 100 %, 80122 MiB
2026/09/04 10:30:20.643, 436.62 W, 600.00 W, 2722 MHz, 15368 MHz, 80, 99 %, 80122 MiB
2026/09/04 10:30:21.644, 403.30 W, 600.00 W, 2692 MHz, 15368 MHz, 79, 99 %, 80122 MiB
2026/09/04 10:30:22.644, 394.98 W, 600.00 W, 2722 MHz, 15368 MHz, 80, 99 %, 80122 MiB
2026/09/04 10:30:23.645, 400.18 W, 600.00 W, 2692 MHz, 15368 MHz, 79, 99 %, 80122 MiB
2026/09/04 10:30:24.646, 403.25 W, 600.00 W, 2707 MHz, 15368 MHz, 80, 100 %, 80122 MiB
2026/09/04 10:30:25.646, 175.92 W, 600.00 W, 2812 MHz, 15368 MHz, 73, 0 %, 80122 MiB
2026/09/04 10:30:26.647, 421.73 W, 600.00 W, 2670 MHz, 15368 MHz, 80, 100 %, 80122 MiB
2026/09/04 10:30:27.648, 508.27 W, 600.00 W, 2647 MHz, 15368 MHz, 84, 99 %, 80122 MiB
2026/09/04 10:30:28.649, 468.45 W, 600.00 W, 2730 MHz, 15368 MHz, 77, 99 %, 80122 MiB
2026/09/04 10:30:29.650, 414.43 W, 600.00 W, 2685 MHz, 15368 MHz, 82, 100 %, 80122 MiB
2026/09/04 10:30:30.651, 398.35 W, 600.00 W, 2715 MHz, 15368 MHz, 77, 99 %, 80122 MiB
2026/09/04 10:30:31.651, 404.99 W, 600.00 W, 2700 MHz, 15368 MHz, 80, 100 %, 80122 MiB
2026/09/04 10:30:32.652, 402.52 W, 600.00 W, 2700 MHz, 15368 MHz, 83, 99 %, 80122 MiB
2026/09/04 10:30:33.653, 341.93 W, 600.00 W, 2805 MHz, 15368 MHz, 74, 0 %, 80122 MiB
2026/09/04 10:30:34.653, 211.80 W, 600.00 W, 2737 MHz, 15368 MHz, 77, 99 %, 80122 MiB
2026/09/04 10:30:35.654, 485.36 W, 600.00 W, 2670 MHz, 15368 MHz, 80, 100 %, 80122 MiB
2026/09/04 10:30:36.655, 511.05 W, 600.00 W, 2647 MHz, 15368 MHz, 84, 99 %, 80122 MiB
2026/09/04 10:30:37.656, 442.65 W, 600.00 W, 2685 MHz, 15368 MHz, 77, 99 %, 80122 MiB
2026/09/04 10:30:38.657, 398.53 W, 600.00 W, 2745 MHz, 15368 MHz, 79, 99 %, 80122 MiB
2026/09/04 10:30:39.658, 409.05 W, 600.00 W, 2685 MHz, 15368 MHz, 82, 100 %, 80122 MiB
2026/09/04 10:30:40.659, 396.77 W, 600.00 W, 2715 MHz, 15368 MHz, 78, 99 %, 80122 MiB
2026/09/04 10:30:41.660, 402.61 W, 600.00 W, 2707 MHz, 15368 MHz, 80, 100 %, 80122 MiB
2026/09/04 10:30:42.660, 300.07 W, 600.00 W, 2812 MHz, 15368 MHz, 73, 0 %, 80122 MiB
2026/09/04 10:30:43.661, 267.55 W, 600.00 W, 2670 MHz, 15368 MHz, 82, 100 %, 80122 MiB
2026/09/04 10:30:44.662, 503.21 W, 600.00 W, 2670 MHz, 15368 MHz, 83, 98 %, 80122 MiB
2026/09/04 10:30:45.663, 495.63 W, 600.00 W, 2655 MHz, 15368 MHz, 80, 100 %, 80122 MiB
2026/09/04 10:30:46.664, 433.96 W, 600.00 W, 2715 MHz, 15368 MHz, 77, 99 %, 80122 MiB
2026/09/04 10:30:47.664, 405.13 W, 600.00 W, 2715 MHz, 15368 MHz, 80, 100 %, 80122 MiB
2026/09/04 10:30:48.665, 399.66 W, 600.00 W, 2677 MHz, 15368 MHz, 77, 100 %, 80122 MiB
2026/09/04 10:30:49.666, 398.91 W, 600.00 W, 2722 MHz, 15368 MHz, 77, 99 %, 80122 MiB
2026/09/04 10:30:50.667, 406.77 W, 600.00 W, 2715 MHz, 15368 MHz, 79, 100 %, 80122 MiB
2026/09/04 10:30:51.668, 340.51 W, 600.00 W, 2730 MHz, 15368 MHz, 80, 100 %, 80122 MiB
2026/09/04 10:30:52.668, 431.85 W, 600.00 W, 2730 MHz, 15368 MHz, 80, 99 %, 80122 MiB
2026/09/04 10:30:53.669, 303.23 W, 600.00 W, 2737 MHz, 15368 MHz, 78, 100 %, 80122 MiB
2026/09/04 10:30:54.670, 307.00 W, 600.00 W, 2722 MHz, 15368 MHz, 76, 99 %, 80122 MiB
2026/09/04 10:30:55.670, 202.93 W, 600.00 W, 2805 MHz, 15368 MHz, 73, 23 %, 80122 MiB
2026/09/04 10:30:56.671, 185.26 W, 600.00 W, 2782 MHz, 15368 MHz, 73, 21 %, 80122 MiB
2026/09/04 10:30:57.671, 176.80 W, 600.00 W, 2730 MHz, 15368 MHz, 72, 17 %, 80122 MiB
2026/09/04 10:30:58.672, 174.80 W, 600.00 W, 2730 MHz, 15368 MHz, 72, 18 %, 80122 MiB
2026/09/04 10:30:59.673, 175.05 W, 600.00 W, 2730 MHz, 15368 MHz, 71, 19 %, 80122 MiB
2026/09/04 10:31:00.673, 174.68 W, 600.00 W, 2730 MHz, 15368 MHz, 71, 19 %, 80122 MiB
2026/09/04 10:31:01.674, 173.24 W, 600.00 W, 2730 MHz, 15368 MHz, 71, 18 %, 80122 MiB
2026/09/04 10:31:02.675, 174.25 W, 600.00 W, 2737 MHz, 15368 MHz, 70, 19 %, 80122 MiB
2026/09/04 10:31:03.676, 173.29 W, 600.00 W, 2730 MHz, 15368 MHz, 70, 18 %, 80122 MiB
2026/09/04 10:31:04.676, 172.09 W, 600.00 W, 2730 MHz, 15368 MHz, 70, 18 %, 80122 MiB
2026/09/04 10:31:05.677, 154.04 W, 600.00 W, 2610 MHz, 15368 MHz, 69, 0 %, 67916 MiB
2026/09/04 10:31:06.684, 110.57 W, 600.00 W, 2610 MHz, 15368 MHz, 68, 0 %, 67756 MiB
2026/09/04 10:31:07.932, 108.24 W, 600.00 W, 2610 MHz, 15368 MHz, 67, 0 %, 67756 MiB
2026/09/04 10:31:08.933, 116.45 W, 600.00 W, 2610 MHz, 15368 MHz, 68, 100 %, 41 MiB
2026/09/04 10:31:09.934, 129.41 W, 600.00 W, 2812 MHz, 16004 MHz, 67, 0 %, 41 MiB
2026/09/04 10:31:10.934, 124.93 W, 600.00 W, 2677 MHz, 15368 MHz, 67, 0 %, 596 MiB
2026/09/04 10:31:11.935, 111.87 W, 600.00 W, 2610 MHz, 15368 MHz, 66, 0 %, 596 MiB
2026/09/04 10:31:12.936, 107.29 W, 600.00 W, 2610 MHz, 15368 MHz, 66, 0 %, 596 MiB
2026/09/04 10:31:13.936, 107.09 W, 600.00 W, 2610 MHz, 15368 MHz, 66, 0 %, 596 MiB
2026/09/04 10:31:14.937, 107.24 W, 600.00 W, 2610 MHz, 15368 MHz, 65, 0 %, 596 MiB
2026/09/04 10:31:15.938, 107.25 W, 600.00 W, 2610 MHz, 15368 MHz, 65, 0 %, 596 MiB
2026/09/04 10:31:16.938, 106.88 W, 600.00 W, 2610 MHz, 15368 MHz, 65, 0 %, 596 MiB
2026/09/04 10:31:17.939, 106.64 W, 600.00 W, 2610 MHz, 15368 MHz, 65, 0 %, 596 MiB
2026/09/04 10:31:18.940, 106.47 W, 600.00 W, 2610 MHz, 15368 MHz, 64, 0 %, 596 MiB
2026/09/04 10:31:19.940, 106.47 W, 600.00 W, 2610 MHz, 15368 MHz, 64, 0 %, 596 MiB
2026/09/04 10:31:20.941, 106.33 W, 600.00 W, 2610 MHz, 15368 MHz, 64, 0 %, 596 MiB
2026/09/04 10:31:21.942, 106.08 W, 600.00 W, 2610 MHz, 15368 MHz, 63, 0 %, 598 MiB
2026/09/04 10:31:24.129, 109.43 W, 600.00 W, 2752 MHz, 15368 MHz, 63, 0 %, 67278 MiB
2026/09/04 10:31:25.129, 111.27 W, 600.00 W, 2752 MHz, 15368 MHz, 63, 0 %, 67278 MiB
2026/09/04 10:31:26.130, 109.05 W, 600.00 W, 2715 MHz, 15368 MHz, 63, 0 %, 67278 MiB
2026/09/04 10:31:27.130, 104.91 W, 600.00 W, 2610 MHz, 15368 MHz, 62, 0 %, 67278 MiB
2026/09/04 10:31:28.131, 104.87 W, 600.00 W, 2610 MHz, 15368 MHz, 62, 0 %, 67278 MiB
2026/09/04 10:31:29.131, 74.03 W, 600.00 W, 352 MHz, 15368 MHz, 61, 0 %, 67278 MiB
2026/09/04 10:31:30.132, 124.49 W, 600.00 W, 2827 MHz, 15368 MHz, 62, 100 %, 67278 MiB
2026/09/04 10:31:31.133, 135.57 W, 600.00 W, 2827 MHz, 15368 MHz, 62, 99 %, 67278 MiB
2026/09/04 10:31:32.134, 128.59 W, 600.00 W, 2827 MHz, 15368 MHz, 62, 14 %, 67278 MiB
2026/09/04 10:31:33.134, 122.33 W, 600.00 W, 2827 MHz, 15368 MHz, 62, 0 %, 67278 MiB
2026/09/04 10:31:34.135, 104.45 W, 600.00 W, 2610 MHz, 15368 MHz, 61, 0 %, 67278 MiB
2026/09/04 10:31:35.136, 104.26 W, 600.00 W, 2610 MHz, 15368 MHz, 61, 0 %, 67320 MiB
2026/09/04 10:31:36.137, 105.50 W, 600.00 W, 2610 MHz, 15368 MHz, 61, 0 %, 92152 MiB
2026/09/04 10:31:37.137, 103.91 W, 600.00 W, 2610 MHz, 15368 MHz, 61, 0 %, 92370 MiB
2026/09/04 10:31:38.142, 121.48 W, 600.00 W, 2617 MHz, 15368 MHz, 60, 1 %, 92384 MiB
2026/09/04 10:31:39.143, 105.37 W, 600.00 W, 2610 MHz, 15368 MHz, 60, 0 %, 92418 MiB
2026/09/04 10:31:40.144, 109.78 W, 600.00 W, 2617 MHz, 15368 MHz, 60, 0 %, 92418 MiB
2026/09/04 10:31:41.144, 103.85 W, 600.00 W, 2610 MHz, 15368 MHz, 60, 6 %, 92418 MiB
2026/09/04 10:31:42.145, 154.35 W, 600.00 W, 2587 MHz, 15368 MHz, 64, 62 %, 92450 MiB
2026/09/04 10:31:43.146, 157.69 W, 600.00 W, 2827 MHz, 15368 MHz, 61, 3 %, 92458 MiB
2026/09/04 10:31:44.147, 125.15 W, 600.00 W, 2685 MHz, 15368 MHz, 60, 3 %, 92492 MiB
2026/09/04 10:31:45.147, 151.23 W, 600.00 W, 2752 MHz, 15368 MHz, 61, 21 %, 92498 MiB
2026/09/04 10:31:46.148, 160.21 W, 600.00 W, 2752 MHz, 15368 MHz, 61, 21 %, 92498 MiB
2026/09/04 10:31:47.148, 160.11 W, 600.00 W, 2752 MHz, 15368 MHz, 61, 20 %, 92498 MiB
2026/09/04 10:31:48.149, 160.37 W, 600.00 W, 2752 MHz, 15368 MHz, 61, 21 %, 92498 MiB
2026/09/04 10:31:49.150, 162.10 W, 600.00 W, 2752 MHz, 15368 MHz, 61, 21 %, 92498 MiB
2026/09/04 10:31:50.150, 161.94 W, 600.00 W, 2760 MHz, 15368 MHz, 61, 23 %, 92498 MiB
2026/09/04 10:31:51.151, 160.18 W, 600.00 W, 2752 MHz, 15368 MHz, 60, 22 %, 92498 MiB
2026/09/04 10:31:52.151, 159.97 W, 600.00 W, 2752 MHz, 15368 MHz, 60, 20 %, 92514 MiB
2026/09/04 10:31:53.152, 159.40 W, 600.00 W, 2752 MHz, 15368 MHz, 60, 17 %, 92514 MiB
2026/09/04 10:31:54.153, 143.46 W, 600.00 W, 2610 MHz, 15368 MHz, 59, 9 %, 92514 MiB
2026/09/04 10:31:55.153, 103.87 W, 600.00 W, 2610 MHz, 15368 MHz, 60, 20 %, 93744 MiB
2026/09/04 10:31:56.154, 519.65 W, 600.00 W, 2685 MHz, 15368 MHz, 70, 99 %, 93760 MiB
2026/09/04 10:31:57.155, 349.17 W, 600.00 W, 2752 MHz, 15368 MHz, 67, 94 %, 93806 MiB
2026/09/04 10:31:58.156, 318.03 W, 600.00 W, 2760 MHz, 15368 MHz, 68, 92 %, 93846 MiB
2026/09/04 10:31:59.157, 318.33 W, 600.00 W, 2752 MHz, 15368 MHz, 68, 90 %, 93874 MiB
2026/09/04 10:32:00.158, 455.55 W, 600.00 W, 2685 MHz, 15368 MHz, 71, 98 %, 93878 MiB
2026/09/04 10:32:01.160, 369.78 W, 600.00 W, 2752 MHz, 15368 MHz, 68, 91 %, 93920 MiB
2026/09/04 10:32:02.161, 314.05 W, 600.00 W, 2760 MHz, 15368 MHz, 65, 91 %, 93960 MiB
2026/09/04 10:32:03.161, 313.01 W, 600.00 W, 2760 MHz, 15368 MHz, 65, 91 %, 94002 MiB
2026/09/04 10:32:04.162, 369.31 W, 600.00 W, 2700 MHz, 15368 MHz, 72, 99 %, 94002 MiB
2026/09/04 10:32:05.163, 466.09 W, 600.00 W, 2730 MHz, 15368 MHz, 67, 95 %, 94004 MiB
2026/09/04 10:32:06.164, 326.71 W, 600.00 W, 2760 MHz, 15368 MHz, 67, 99 %, 94004 MiB
2026/09/04 10:32:07.164, 329.78 W, 600.00 W, 2760 MHz, 15368 MHz, 67, 93 %, 94004 MiB
2026/09/04 10:32:08.165, 334.09 W, 600.00 W, 2745 MHz, 15368 MHz, 71, 92 %, 94006 MiB
2026/09/04 10:32:09.166, 413.72 W, 600.00 W, 2685 MHz, 15368 MHz, 70, 98 %, 94006 MiB
2026/09/04 10:32:10.167, 421.14 W, 600.00 W, 2752 MHz, 15368 MHz, 69, 98 %, 94036 MiB
2026/09/04 10:32:11.168, 309.83 W, 600.00 W, 2745 MHz, 15368 MHz, 67, 91 %, 94084 MiB
2026/09/04 10:32:12.168, 311.11 W, 600.00 W, 2752 MHz, 15368 MHz, 68, 98 %, 94124 MiB
2026/09/04 10:32:13.169, 321.17 W, 600.00 W, 2752 MHz, 15368 MHz, 71, 90 %, 94166 MiB
2026/09/04 10:32:14.170, 199.61 W, 600.00 W, 2812 MHz, 15368 MHz, 64, 20 %, 94166 MiB
2026/09/04 10:32:15.170, 171.05 W, 600.00 W, 2812 MHz, 15368 MHz, 64, 24 %, 94166 MiB
2026/09/04 10:32:16.171, 163.94 W, 600.00 W, 2745 MHz, 15368 MHz, 63, 19 %, 94166 MiB
2026/09/04 10:32:17.171, 164.01 W, 600.00 W, 2745 MHz, 15368 MHz, 63, 20 %, 94174 MiB
2026/09/04 10:32:18.172, 160.18 W, 600.00 W, 2745 MHz, 15368 MHz, 63, 19 %, 94174 MiB
2026/09/04 10:32:19.172, 163.55 W, 600.00 W, 2752 MHz, 15368 MHz, 63, 24 %, 94174 MiB
2026/09/04 10:32:20.173, 163.93 W, 600.00 W, 2752 MHz, 15368 MHz, 63, 24 %, 94174 MiB
2026/09/04 10:32:21.173, 162.83 W, 600.00 W, 2752 MHz, 15368 MHz, 63, 24 %, 94174 MiB
2026/09/04 10:32:22.174, 163.27 W, 600.00 W, 2752 MHz, 15368 MHz, 63, 24 %, 94174 MiB
2026/09/04 10:32:23.175, 161.98 W, 600.00 W, 2752 MHz, 15368 MHz, 62, 20 %, 94174 MiB
2026/09/04 10:32:24.175, 116.75 W, 600.00 W, 2610 MHz, 15368 MHz, 61, 6 %, 94174 MiB
2026/09/04 10:32:25.176, 305.54 W, 600.00 W, 2685 MHz, 15368 MHz, 72, 98 %, 94174 MiB
2026/09/04 10:32:26.177, 448.39 W, 600.00 W, 2745 MHz, 15368 MHz, 69, 98 %, 94174 MiB
2026/09/04 10:32:27.178, 331.66 W, 600.00 W, 2752 MHz, 15368 MHz, 67, 99 %, 94174 MiB
2026/09/04 10:32:28.179, 333.10 W, 600.00 W, 2760 MHz, 15368 MHz, 69, 98 %, 94174 MiB
2026/09/04 10:32:29.179, 411.17 W, 600.00 W, 2700 MHz, 15368 MHz, 74, 98 %, 94174 MiB
2026/09/04 10:32:30.180, 445.42 W, 600.00 W, 2752 MHz, 15368 MHz, 69, 95 %, 94174 MiB
2026/09/04 10:32:31.180, 320.44 W, 600.00 W, 2752 MHz, 15368 MHz, 69, 96 %, 94174 MiB
2026/09/04 10:32:32.181, 322.98 W, 600.00 W, 2760 MHz, 15368 MHz, 70, 95 %, 94174 MiB
2026/09/04 10:32:33.183, 340.13 W, 600.00 W, 2752 MHz, 15368 MHz, 71, 99 %, 94174 MiB
2026/09/04 10:32:34.183, 484.38 W, 600.00 W, 2692 MHz, 15368 MHz, 74, 99 %, 94174 MiB
2026/09/04 10:32:35.184, 349.27 W, 600.00 W, 2752 MHz, 15368 MHz, 68, 98 %, 94174 MiB
2026/09/04 10:32:36.185, 333.27 W, 600.00 W, 2752 MHz, 15368 MHz, 72, 98 %, 94174 MiB
2026/09/04 10:32:37.186, 334.41 W, 600.00 W, 2745 MHz, 15368 MHz, 71, 98 %, 94174 MiB
2026/09/04 10:32:38.186, 400.48 W, 600.00 W, 2692 MHz, 15368 MHz, 73, 98 %, 94174 MiB
2026/09/04 10:32:39.187, 435.88 W, 600.00 W, 2752 MHz, 15368 MHz, 71, 94 %, 94174 MiB
2026/09/04 10:32:40.188, 325.64 W, 600.00 W, 2737 MHz, 15368 MHz, 68, 95 %, 94174 MiB
2026/09/04 10:32:41.189, 324.51 W, 600.00 W, 2752 MHz, 15368 MHz, 69, 99 %, 94174 MiB
2026/09/04 10:32:42.189, 329.79 W, 600.00 W, 2745 MHz, 15368 MHz, 73, 94 %, 94174 MiB
2026/09/04 10:32:43.190, 203.75 W, 600.00 W, 2812 MHz, 15368 MHz, 66, 24 %, 94174 MiB
2026/09/04 10:32:44.191, 172.11 W, 600.00 W, 2812 MHz, 15368 MHz, 66, 24 %, 94174 MiB
2026/09/04 10:32:45.191, 164.10 W, 600.00 W, 2737 MHz, 15368 MHz, 65, 19 %, 94174 MiB
2026/09/04 10:32:46.192, 164.35 W, 600.00 W, 2745 MHz, 15368 MHz, 64, 19 %, 94174 MiB
2026/09/04 10:32:47.193, 164.63 W, 600.00 W, 2745 MHz, 15368 MHz, 65, 24 %, 94174 MiB
2026/09/04 10:32:48.193, 164.16 W, 600.00 W, 2745 MHz, 15368 MHz, 64, 25 %, 94174 MiB
2026/09/04 10:32:49.194, 163.33 W, 600.00 W, 2737 MHz, 15368 MHz, 64, 19 %, 94174 MiB
2026/09/04 10:32:50.194, 163.69 W, 600.00 W, 2745 MHz, 15368 MHz, 64, 22 %, 94174 MiB
2026/09/04 10:32:51.195, 163.36 W, 600.00 W, 2737 MHz, 15368 MHz, 64, 24 %, 94174 MiB
2026/09/04 10:32:52.196, 161.70 W, 600.00 W, 2745 MHz, 15368 MHz, 63, 19 %, 94174 MiB
2026/09/04 10:32:53.197, 116.58 W, 600.00 W, 2610 MHz, 15368 MHz, 62, 6 %, 94174 MiB
2026/09/04 10:32:54.197, 233.88 W, 600.00 W, 2700 MHz, 15368 MHz, 71, 99 %, 94174 MiB
2026/09/04 10:32:55.198, 475.83 W, 600.00 W, 2752 MHz, 15368 MHz, 67, 99 %, 94174 MiB
2026/09/04 10:32:56.199, 330.43 W, 600.00 W, 2752 MHz, 15368 MHz, 67, 95 %, 94174 MiB
2026/09/04 10:32:57.200, 334.18 W, 600.00 W, 2745 MHz, 15368 MHz, 72, 96 %, 94174 MiB
2026/09/04 10:32:58.200, 385.11 W, 600.00 W, 2692 MHz, 15368 MHz, 73, 99 %, 94174 MiB
2026/09/04 10:32:59.202, 460.75 W, 600.00 W, 2737 MHz, 15368 MHz, 69, 98 %, 94174 MiB
2026/09/04 10:33:00.203, 336.49 W, 600.00 W, 2752 MHz, 15368 MHz, 70, 98 %, 94174 MiB
2026/09/04 10:33:01.204, 329.52 W, 600.00 W, 2760 MHz, 15368 MHz, 68, 99 %, 94174 MiB
2026/09/04 10:33:02.205, 344.86 W, 600.00 W, 2775 MHz, 15368 MHz, 73, 99 %, 94174 MiB
2026/09/04 10:33:03.206, 484.97 W, 600.00 W, 2677 MHz, 15368 MHz, 73, 98 %, 94174 MiB
2026/09/04 10:33:04.206, 367.66 W, 600.00 W, 2745 MHz, 15368 MHz, 70, 98 %, 94174 MiB
2026/09/04 10:33:05.208, 332.50 W, 600.00 W, 2752 MHz, 15368 MHz, 70, 99 %, 94174 MiB
2026/09/04 10:33:06.210, 333.57 W, 600.00 W, 2752 MHz, 15368 MHz, 71, 98 %, 94174 MiB
2026/09/04 10:33:07.210, 394.26 W, 600.00 W, 2700 MHz, 15368 MHz, 73, 99 %, 94174 MiB
2026/09/04 10:33:08.211, 452.45 W, 600.00 W, 2730 MHz, 15368 MHz, 72, 98 %, 94174 MiB
2026/09/04 10:33:09.212, 334.46 W, 600.00 W, 2745 MHz, 15368 MHz, 73, 98 %, 94174 MiB
2026/09/04 10:33:10.213, 324.89 W, 600.00 W, 2745 MHz, 15368 MHz, 69, 100 %, 94174 MiB
2026/09/04 10:33:11.214, 339.87 W, 600.00 W, 2737 MHz, 15368 MHz, 72, 99 %, 94174 MiB
2026/09/04 10:33:12.214, 396.16 W, 600.00 W, 2692 MHz, 15368 MHz, 75, 99 %, 94174 MiB
2026/09/04 10:33:13.215, 425.60 W, 600.00 W, 2745 MHz, 15368 MHz, 70, 99 %, 94174 MiB
2026/09/04 10:33:14.216, 337.04 W, 600.00 W, 2745 MHz, 15368 MHz, 73, 98 %, 94174 MiB
2026/09/04 10:33:15.217, 328.95 W, 600.00 W, 2745 MHz, 15368 MHz, 73, 99 %, 94174 MiB
2026/09/04 10:33:16.217, 323.86 W, 600.00 W, 2737 MHz, 15368 MHz, 70, 99 %, 94174 MiB
2026/09/04 10:33:17.218, 381.92 W, 600.00 W, 2715 MHz, 15368 MHz, 74, 99 %, 94174 MiB
2026/09/04 10:33:18.218, 453.94 W, 600.00 W, 2700 MHz, 15368 MHz, 71, 99 %, 94174 MiB
2026/09/04 10:33:19.219, 329.04 W, 600.00 W, 2752 MHz, 15368 MHz, 72, 98 %, 94174 MiB
2026/09/04 10:33:20.219, 331.77 W, 600.00 W, 2737 MHz, 15368 MHz, 70, 100 %, 94174 MiB
2026/09/04 10:33:21.220, 327.92 W, 600.00 W, 2745 MHz, 15368 MHz, 70, 99 %, 94174 MiB
2026/09/04 10:33:22.220, 339.54 W, 600.00 W, 2707 MHz, 15368 MHz, 72, 99 %, 94174 MiB
2026/09/04 10:33:23.221, 448.81 W, 600.00 W, 2700 MHz, 15368 MHz, 74, 98 %, 94174 MiB
2026/09/04 10:33:24.221, 379.16 W, 600.00 W, 2760 MHz, 15368 MHz, 74, 99 %, 94174 MiB
2026/09/04 10:33:25.222, 329.07 W, 600.00 W, 2745 MHz, 15368 MHz, 70, 100 %, 94174 MiB
2026/09/04 10:33:26.222, 329.88 W, 600.00 W, 2752 MHz, 15368 MHz, 74, 99 %, 94174 MiB
2026/09/04 10:33:27.223, 327.13 W, 600.00 W, 2745 MHz, 15368 MHz, 70, 98 %, 94174 MiB
2026/09/04 10:33:28.224, 351.46 W, 600.00 W, 2715 MHz, 15368 MHz, 73, 98 %, 94174 MiB
2026/09/04 10:33:29.224, 433.77 W, 600.00 W, 2692 MHz, 15368 MHz, 72, 99 %, 94174 MiB
2026/09/04 10:33:30.225, 364.38 W, 600.00 W, 2737 MHz, 15368 MHz, 74, 98 %, 94174 MiB
2026/09/04 10:33:31.226, 326.17 W, 600.00 W, 2752 MHz, 15368 MHz, 73, 99 %, 94174 MiB
2026/09/04 10:33:32.226, 323.70 W, 600.00 W, 2760 MHz, 15368 MHz, 71, 99 %, 94174 MiB
2026/09/04 10:33:33.227, 334.70 W, 600.00 W, 2745 MHz, 15368 MHz, 75, 100 %, 94174 MiB
2026/09/04 10:33:34.227, 338.32 W, 600.00 W, 2715 MHz, 15368 MHz, 72, 99 %, 94174 MiB
2026/09/04 10:33:35.228, 431.55 W, 600.00 W, 2715 MHz, 15368 MHz, 76, 99 %, 94174 MiB
2026/09/04 10:33:36.229, 368.32 W, 600.00 W, 2745 MHz, 15368 MHz, 71, 100 %, 94174 MiB
2026/09/04 10:33:37.229, 322.99 W, 600.00 W, 2745 MHz, 15368 MHz, 71, 100 %, 94174 MiB
2026/09/04 10:33:38.230, 326.12 W, 600.00 W, 2745 MHz, 15368 MHz, 72, 99 %, 94174 MiB
2026/09/04 10:33:39.231, 330.90 W, 600.00 W, 2737 MHz, 15368 MHz, 71, 99 %, 94174 MiB
2026/09/04 10:33:40.231, 312.47 W, 600.00 W, 2722 MHz, 15368 MHz, 72, 99 %, 94174 MiB
2026/09/04 10:33:41.232, 415.78 W, 600.00 W, 2715 MHz, 15368 MHz, 74, 99 %, 94174 MiB
2026/09/04 10:33:42.232, 394.67 W, 600.00 W, 2767 MHz, 15368 MHz, 74, 99 %, 94174 MiB
2026/09/04 10:33:43.233, 322.35 W, 600.00 W, 2767 MHz, 15368 MHz, 73, 99 %, 94174 MiB
2026/09/04 10:33:44.233, 322.42 W, 600.00 W, 2760 MHz, 15368 MHz, 70, 99 %, 94174 MiB
2026/09/04 10:33:45.234, 321.29 W, 600.00 W, 2760 MHz, 15368 MHz, 72, 98 %, 94174 MiB
2026/09/04 10:33:46.235, 299.96 W, 600.00 W, 2790 MHz, 15368 MHz, 68, 0 %, 94174 MiB
2026/09/04 10:33:47.236, 379.14 W, 600.00 W, 2715 MHz, 15368 MHz, 75, 99 %, 94174 MiB
2026/09/04 10:33:48.237, 430.24 W, 600.00 W, 2707 MHz, 15368 MHz, 78, 98 %, 94174 MiB
2026/09/04 10:33:49.237, 351.30 W, 600.00 W, 2760 MHz, 15368 MHz, 74, 99 %, 94174 MiB
2026/09/04 10:33:50.238, 324.77 W, 600.00 W, 2760 MHz, 15368 MHz, 72, 99 %, 94174 MiB
2026/09/04 10:33:51.238, 320.33 W, 600.00 W, 2737 MHz, 15368 MHz, 71, 100 %, 94174 MiB
2026/09/04 10:33:52.239, 320.63 W, 600.00 W, 2737 MHz, 15368 MHz, 70, 99 %, 94174 MiB
2026/09/04 10:33:53.239, 266.05 W, 600.00 W, 2812 MHz, 15368 MHz, 68, 43 %, 94174 MiB
2026/09/04 10:33:54.240, 410.01 W, 600.00 W, 2715 MHz, 15368 MHz, 72, 99 %, 94174 MiB
2026/09/04 10:33:55.241, 406.87 W, 600.00 W, 2707 MHz, 15368 MHz, 73, 99 %, 94174 MiB
2026/09/04 10:33:56.241, 359.04 W, 600.00 W, 2760 MHz, 15368 MHz, 75, 100 %, 94174 MiB
2026/09/04 10:33:57.242, 322.05 W, 600.00 W, 2745 MHz, 15368 MHz, 72, 99 %, 94174 MiB
2026/09/04 10:33:58.242, 326.20 W, 600.00 W, 2737 MHz, 15368 MHz, 74, 99 %, 94174 MiB
2026/09/04 10:33:59.243, 327.15 W, 600.00 W, 2730 MHz, 15368 MHz, 72, 100 %, 94174 MiB
2026/09/04 10:34:00.244, 295.37 W, 600.00 W, 2812 MHz, 15368 MHz, 69, 0 %, 94174 MiB
2026/09/04 10:34:01.244, 370.07 W, 600.00 W, 2722 MHz, 15368 MHz, 76, 100 %, 94174 MiB
2026/09/04 10:34:02.245, 404.26 W, 600.00 W, 2715 MHz, 15368 MHz, 75, 99 %, 94174 MiB
2026/09/04 10:34:03.246, 370.25 W, 600.00 W, 2737 MHz, 15368 MHz, 74, 98 %, 94174 MiB
2026/09/04 10:34:04.246, 318.22 W, 600.00 W, 2767 MHz, 15368 MHz, 74, 99 %, 94174 MiB
2026/09/04 10:34:05.247, 323.43 W, 600.00 W, 2730 MHz, 15368 MHz, 71, 100 %, 94174 MiB
2026/09/04 10:34:06.248, 326.27 W, 600.00 W, 2745 MHz, 15368 MHz, 73, 99 %, 94174 MiB
2026/09/04 10:34:07.248, 321.92 W, 600.00 W, 2767 MHz, 15368 MHz, 74, 99 %, 94174 MiB
2026/09/04 10:34:08.249, 288.15 W, 600.00 W, 2715 MHz, 15368 MHz, 71, 99 %, 94174 MiB
2026/09/04 10:34:09.249, 403.24 W, 600.00 W, 2715 MHz, 15368 MHz, 77, 100 %, 94174 MiB
2026/09/04 10:34:10.250, 394.65 W, 600.00 W, 2707 MHz, 15368 MHz, 74, 99 %, 94174 MiB
2026/09/04 10:34:11.251, 334.72 W, 600.00 W, 2730 MHz, 15368 MHz, 72, 99 %, 94174 MiB
2026/09/04 10:34:12.252, 325.79 W, 600.00 W, 2737 MHz, 15368 MHz, 77, 100 %, 94174 MiB
2026/09/04 10:34:13.252, 327.44 W, 600.00 W, 2745 MHz, 15368 MHz, 72, 99 %, 94174 MiB
2026/09/04 10:34:14.253, 323.90 W, 600.00 W, 2737 MHz, 15368 MHz, 72, 100 %, 94174 MiB
2026/09/04 10:34:15.254, 295.37 W, 600.00 W, 2797 MHz, 15368 MHz, 69, 0 %, 94174 MiB
2026/09/04 10:34:16.255, 338.21 W, 600.00 W, 2722 MHz, 15368 MHz, 76, 99 %, 94174 MiB
2026/09/04 10:34:17.256, 393.31 W, 600.00 W, 2722 MHz, 15368 MHz, 75, 100 %, 94174 MiB
2026/09/04 10:34:18.256, 384.61 W, 600.00 W, 2715 MHz, 15368 MHz, 73, 98 %, 94174 MiB
2026/09/04 10:34:19.257, 316.05 W, 600.00 W, 2767 MHz, 15368 MHz, 71, 99 %, 94174 MiB
2026/09/04 10:34:20.258, 323.59 W, 600.00 W, 2737 MHz, 15368 MHz, 73, 99 %, 94174 MiB
2026/09/04 10:34:21.259, 319.81 W, 600.00 W, 2760 MHz, 15368 MHz, 74, 98 %, 94174 MiB
2026/09/04 10:34:22.260, 326.25 W, 600.00 W, 2730 MHz, 15368 MHz, 73, 100 %, 94174 MiB
2026/09/04 10:34:23.261, 296.32 W, 600.00 W, 2775 MHz, 15368 MHz, 69, 0 %, 94174 MiB
2026/09/04 10:34:24.261, 335.50 W, 600.00 W, 2707 MHz, 15368 MHz, 76, 99 %, 94174 MiB
2026/09/04 10:34:25.262, 381.72 W, 600.00 W, 2737 MHz, 15368 MHz, 72, 99 %, 94174 MiB
2026/09/04 10:34:26.263, 293.96 W, 600.00 W, 2760 MHz, 15368 MHz, 70, 99 %, 94174 MiB
2026/09/04 10:34:27.264, 307.85 W, 600.00 W, 2745 MHz, 15368 MHz, 72, 100 %, 94174 MiB
2026/09/04 10:34:28.264, 300.41 W, 600.00 W, 2752 MHz, 15368 MHz, 71, 99 %, 94174 MiB
2026/09/04 10:34:29.266, 250.25 W, 600.00 W, 2812 MHz, 15368 MHz, 69, 28 %, 94174 MiB
2026/09/04 10:34:30.267, 175.71 W, 600.00 W, 2812 MHz, 15368 MHz, 68, 23 %, 94174 MiB
2026/09/04 10:34:31.267, 170.83 W, 600.00 W, 2737 MHz, 15368 MHz, 68, 23 %, 94174 MiB
2026/09/04 10:34:32.268, 168.18 W, 600.00 W, 2745 MHz, 15368 MHz, 68, 28 %, 94174 MiB
2026/09/04 10:34:33.269, 166.87 W, 600.00 W, 2737 MHz, 15368 MHz, 67, 23 %, 94174 MiB
2026/09/04 10:34:34.270, 166.72 W, 600.00 W, 2745 MHz, 15368 MHz, 68, 28 %, 94174 MiB
2026/09/04 10:34:35.270, 165.96 W, 600.00 W, 2737 MHz, 15368 MHz, 67, 24 %, 94174 MiB
2026/09/04 10:34:36.271, 166.37 W, 600.00 W, 2745 MHz, 15368 MHz, 67, 29 %, 94174 MiB
2026/09/04 10:34:37.271, 164.31 W, 600.00 W, 2737 MHz, 15368 MHz, 66, 23 %, 94174 MiB
2026/09/04 10:34:38.272, 164.79 W, 600.00 W, 2737 MHz, 15368 MHz, 66, 24 %, 94174 MiB
2026/09/04 10:34:39.272, 164.74 W, 600.00 W, 2737 MHz, 15368 MHz, 67, 28 %, 94174 MiB
2026/09/04 10:34:40.273, 141.34 W, 600.00 W, 2610 MHz, 15368 MHz, 65, 6 %, 94174 MiB
2026/09/04 10:34:41.274, 106.94 W, 600.00 W, 2610 MHz, 15368 MHz, 64, 7 %, 94174 MiB
2026/09/04 10:34:42.275, 505.79 W, 600.00 W, 2662 MHz, 15368 MHz, 74, 98 %, 94174 MiB
2026/09/04 10:34:43.276, 360.00 W, 600.00 W, 2745 MHz, 15368 MHz, 72, 98 %, 94174 MiB
2026/09/04 10:34:44.277, 333.12 W, 600.00 W, 2752 MHz, 15368 MHz, 71, 99 %, 94174 MiB
2026/09/04 10:34:45.278, 332.46 W, 600.00 W, 2775 MHz, 15368 MHz, 73, 39 %, 94174 MiB
2026/09/04 10:34:46.279, 475.73 W, 600.00 W, 2670 MHz, 15368 MHz, 75, 98 %, 94174 MiB
2026/09/04 10:34:47.280, 365.77 W, 600.00 W, 2752 MHz, 15368 MHz, 71, 98 %, 94174 MiB
2026/09/04 10:34:48.281, 331.90 W, 600.00 W, 2745 MHz, 15368 MHz, 71, 98 %, 94174 MiB
2026/09/04 10:34:49.281, 332.83 W, 600.00 W, 2745 MHz, 15368 MHz, 72, 98 %, 94174 MiB
2026/09/04 10:34:50.282, 422.24 W, 600.00 W, 2685 MHz, 15368 MHz, 73, 98 %, 94174 MiB
2026/09/04 10:34:51.282, 428.17 W, 600.00 W, 2745 MHz, 15368 MHz, 72, 98 %, 94174 MiB
2026/09/04 10:34:52.283, 334.27 W, 600.00 W, 2745 MHz, 15368 MHz, 70, 99 %, 94174 MiB
2026/09/04 10:34:53.284, 335.10 W, 600.00 W, 2752 MHz, 15368 MHz, 73, 98 %, 94174 MiB
2026/09/04 10:34:54.285, 341.08 W, 600.00 W, 2767 MHz, 15368 MHz, 76, 100 %, 94174 MiB
2026/09/04 10:34:55.286, 475.46 W, 600.00 W, 2670 MHz, 15368 MHz, 74, 99 %, 94174 MiB
2026/09/04 10:34:56.287, 365.46 W, 600.00 W, 2745 MHz, 15368 MHz, 71, 99 %, 94174 MiB
2026/09/04 10:34:57.287, 333.28 W, 600.00 W, 2737 MHz, 15368 MHz, 71, 99 %, 94174 MiB
2026/09/04 10:34:58.288, 326.64 W, 600.00 W, 2737 MHz, 15368 MHz, 70, 99 %, 94174 MiB
2026/09/04 10:34:59.289, 352.12 W, 600.00 W, 2700 MHz, 15368 MHz, 76, 99 %, 94174 MiB
2026/09/04 10:35:00.289, 461.10 W, 600.00 W, 2670 MHz, 15368 MHz, 73, 98 %, 94174 MiB
2026/09/04 10:35:01.290, 364.35 W, 600.00 W, 2760 MHz, 15368 MHz, 74, 99 %, 94174 MiB
2026/09/04 10:35:02.291, 331.34 W, 600.00 W, 2737 MHz, 15368 MHz, 72, 98 %, 94174 MiB
2026/09/04 10:35:03.292, 330.29 W, 600.00 W, 2737 MHz, 15368 MHz, 73, 99 %, 94174 MiB
2026/09/04 10:35:04.292, 331.11 W, 600.00 W, 2752 MHz, 15368 MHz, 72, 99 %, 94174 MiB
2026/09/04 10:35:05.293, 462.59 W, 600.00 W, 2685 MHz, 15368 MHz, 75, 98 %, 94174 MiB
2026/09/04 10:35:06.293, 391.19 W, 600.00 W, 2737 MHz, 15368 MHz, 72, 100 %, 94174 MiB
2026/09/04 10:35:07.295, 326.65 W, 600.00 W, 2745 MHz, 15368 MHz, 71, 99 %, 94174 MiB
2026/09/04 10:35:08.296, 337.55 W, 600.00 W, 2752 MHz, 15368 MHz, 77, 99 %, 94174 MiB
2026/09/04 10:35:09.297, 313.61 W, 600.00 W, 2767 MHz, 15368 MHz, 69, 0 %, 94174 MiB
2026/09/04 10:35:10.298, 389.38 W, 600.00 W, 2707 MHz, 15368 MHz, 77, 99 %, 94174 MiB
2026/09/04 10:35:11.299, 430.71 W, 600.00 W, 2722 MHz, 15368 MHz, 72, 99 %, 94174 MiB
2026/09/04 10:35:12.300, 327.10 W, 600.00 W, 2745 MHz, 15368 MHz, 72, 99 %, 94174 MiB
2026/09/04 10:35:13.301, 333.77 W, 600.00 W, 2760 MHz, 15368 MHz, 75, 99 %, 94174 MiB
2026/09/04 10:35:14.302, 335.19 W, 600.00 W, 2745 MHz, 15368 MHz, 75, 99 %, 94174 MiB
2026/09/04 10:35:15.303, 312.25 W, 600.00 W, 2775 MHz, 15368 MHz, 76, 99 %, 94174 MiB
2026/09/04 10:35:16.303, 433.85 W, 600.00 W, 2700 MHz, 15368 MHz, 77, 99 %, 94174 MiB
2026/09/04 10:35:17.304, 414.56 W, 600.00 W, 2760 MHz, 15368 MHz, 76, 99 %, 94174 MiB
2026/09/04 10:35:18.305, 332.43 W, 600.00 W, 2737 MHz, 15368 MHz, 72, 100 %, 94174 MiB
2026/09/04 10:35:19.306, 334.81 W, 600.00 W, 2737 MHz, 15368 MHz, 74, 98 %, 94174 MiB
2026/09/04 10:35:20.307, 326.51 W, 600.00 W, 2745 MHz, 15368 MHz, 75, 99 %, 94174 MiB
2026/09/04 10:35:21.307, 307.35 W, 600.00 W, 2767 MHz, 15368 MHz, 73, 99 %, 94174 MiB
2026/09/04 10:35:22.308, 432.66 W, 600.00 W, 2692 MHz, 15368 MHz, 76, 99 %, 94174 MiB
2026/09/04 10:35:23.309, 403.53 W, 600.00 W, 2745 MHz, 15368 MHz, 73, 99 %, 94174 MiB
2026/09/04 10:35:24.310, 332.23 W, 600.00 W, 2745 MHz, 15368 MHz, 75, 98 %, 94174 MiB
2026/09/04 10:35:25.311, 323.61 W, 600.00 W, 2752 MHz, 15368 MHz, 72, 99 %, 94174 MiB
2026/09/04 10:35:26.311, 320.13 W, 600.00 W, 2760 MHz, 15368 MHz, 71, 99 %, 94174 MiB
2026/09/04 10:35:27.312, 294.10 W, 600.00 W, 2797 MHz, 15368 MHz, 69, 0 %, 94174 MiB
2026/09/04 10:35:28.313, 397.93 W, 600.00 W, 2700 MHz, 15368 MHz, 73, 99 %, 94174 MiB
2026/09/04 10:35:29.314, 424.01 W, 600.00 W, 2692 MHz, 15368 MHz, 74, 99 %, 94174 MiB
2026/09/04 10:35:30.315, 343.85 W, 600.00 W, 2737 MHz, 15368 MHz, 73, 99 %, 94174 MiB
2026/09/04 10:35:31.316, 322.09 W, 600.00 W, 2737 MHz, 15368 MHz, 74, 99 %, 94174 MiB
2026/09/04 10:35:32.316, 323.26 W, 600.00 W, 2745 MHz, 15368 MHz, 72, 99 %, 94174 MiB
2026/09/04 10:35:33.317, 330.41 W, 600.00 W, 2737 MHz, 15368 MHz, 74, 98 %, 94174 MiB
2026/09/04 10:35:34.318, 304.87 W, 600.00 W, 2715 MHz, 15368 MHz, 77, 100 %, 94174 MiB
2026/09/04 10:35:35.319, 420.86 W, 600.00 W, 2715 MHz, 15368 MHz, 77, 99 %, 94174 MiB
2026/09/04 10:35:36.320, 405.82 W, 600.00 W, 2737 MHz, 15368 MHz, 74, 99 %, 94174 MiB
2026/09/04 10:35:37.320, 326.44 W, 600.00 W, 2730 MHz, 15368 MHz, 72, 99 %, 94174 MiB
2026/09/04 10:35:38.321, 328.05 W, 600.00 W, 2737 MHz, 15368 MHz, 72, 100 %, 94174 MiB
2026/09/04 10:35:39.322, 328.24 W, 600.00 W, 2760 MHz, 15368 MHz, 76, 100 %, 94174 MiB
2026/09/04 10:35:40.323, 329.51 W, 600.00 W, 2767 MHz, 15368 MHz, 75, 99 %, 94174 MiB
2026/09/04 10:35:41.323, 307.81 W, 600.00 W, 2715 MHz, 15368 MHz, 72, 99 %, 94174 MiB
2026/09/04 10:35:42.324, 409.48 W, 600.00 W, 2707 MHz, 15368 MHz, 74, 99 %, 94174 MiB
2026/09/04 10:35:43.325, 395.64 W, 600.00 W, 2730 MHz, 15368 MHz, 74, 99 %, 94174 MiB
2026/09/04 10:35:44.326, 328.54 W, 600.00 W, 2737 MHz, 15368 MHz, 72, 99 %, 94174 MiB
2026/09/04 10:35:45.327, 326.38 W, 600.00 W, 2737 MHz, 15368 MHz, 75, 100 %, 94174 MiB
2026/09/04 10:35:46.328, 313.35 W, 600.00 W, 2760 MHz, 15368 MHz, 71, 99 %, 94174 MiB
2026/09/04 10:35:47.328, 333.43 W, 600.00 W, 2730 MHz, 15368 MHz, 72, 99 %, 94174 MiB
2026/09/04 10:35:48.329, 293.74 W, 600.00 W, 2730 MHz, 15368 MHz, 77, 100 %, 94174 MiB
2026/09/04 10:35:49.330, 402.41 W, 600.00 W, 2707 MHz, 15368 MHz, 76, 100 %, 94174 MiB
2026/09/04 10:35:50.330, 407.99 W, 600.00 W, 2707 MHz, 15368 MHz, 76, 99 %, 94174 MiB
2026/09/04 10:35:51.331, 331.79 W, 600.00 W, 2745 MHz, 15368 MHz, 73, 99 %, 94174 MiB
2026/09/04 10:35:52.332, 325.26 W, 600.00 W, 2737 MHz, 15368 MHz, 72, 99 %, 94174 MiB
2026/09/04 10:35:53.332, 318.88 W, 600.00 W, 2767 MHz, 15368 MHz, 74, 99 %, 94174 MiB
2026/09/04 10:35:54.334, 325.87 W, 600.00 W, 2737 MHz, 15368 MHz, 72, 99 %, 94174 MiB
2026/09/04 10:35:55.335, 265.90 W, 600.00 W, 2820 MHz, 15368 MHz, 70, 11 %, 94174 MiB
2026/09/04 10:35:56.335, 397.53 W, 600.00 W, 2715 MHz, 15368 MHz, 74, 99 %, 94174 MiB
2026/09/04 10:35:57.336, 406.97 W, 600.00 W, 2715 MHz, 15368 MHz, 77, 100 %, 94174 MiB
2026/09/04 10:35:58.336, 368.24 W, 600.00 W, 2737 MHz, 15368 MHz, 73, 99 %, 94174 MiB
2026/09/04 10:35:59.337, 316.78 W, 600.00 W, 2737 MHz, 15368 MHz, 71, 99 %, 94174 MiB
2026/09/04 10:36:00.338, 331.37 W, 600.00 W, 2752 MHz, 15368 MHz, 74, 99 %, 94174 MiB
2026/09/04 10:36:01.339, 327.77 W, 600.00 W, 2737 MHz, 15368 MHz, 73, 99 %, 94174 MiB
2026/09/04 10:36:02.340, 290.17 W, 600.00 W, 2805 MHz, 15368 MHz, 69, 0 %, 94174 MiB
2026/09/04 10:36:03.340, 344.14 W, 600.00 W, 2722 MHz, 15368 MHz, 77, 99 %, 94174 MiB
2026/09/04 10:36:04.341, 393.42 W, 600.00 W, 2722 MHz, 15368 MHz, 76, 100 %, 94174 MiB
2026/09/04 10:36:05.342, 386.02 W, 600.00 W, 2722 MHz, 15368 MHz, 72, 99 %, 94174 MiB
2026/09/04 10:36:06.343, 318.85 W, 600.00 W, 2760 MHz, 15368 MHz, 71, 99 %, 94174 MiB
2026/09/04 10:36:07.344, 326.16 W, 600.00 W, 2730 MHz, 15368 MHz, 72, 99 %, 94174 MiB
2026/09/04 10:36:08.345, 323.18 W, 600.00 W, 2760 MHz, 15368 MHz, 73, 98 %, 94174 MiB
2026/09/04 10:36:09.346, 325.41 W, 600.00 W, 2730 MHz, 15368 MHz, 72, 100 %, 94174 MiB
2026/09/04 10:36:10.346, 297.73 W, 600.00 W, 2782 MHz, 15368 MHz, 70, 0 %, 94174 MiB
2026/09/04 10:36:11.347, 342.67 W, 600.00 W, 2715 MHz, 15368 MHz, 78, 99 %, 94174 MiB
2026/09/04 10:36:12.348, 384.13 W, 600.00 W, 2730 MHz, 15368 MHz, 72, 99 %, 94174 MiB
2026/09/04 10:36:13.348, 296.32 W, 600.00 W, 2767 MHz, 15368 MHz, 73, 99 %, 94174 MiB
2026/09/04 10:36:14.349, 302.07 W, 600.00 W, 2745 MHz, 15368 MHz, 72, 100 %, 94174 MiB
2026/09/04 10:36:15.349, 293.82 W, 600.00 W, 2745 MHz, 15368 MHz, 71, 99 %, 94174 MiB
2026/09/04 10:36:16.351, 250.35 W, 600.00 W, 2812 MHz, 15368 MHz, 70, 29 %, 94174 MiB
2026/09/04 10:36:17.352, 176.52 W, 600.00 W, 2812 MHz, 15368 MHz, 69, 23 %, 94174 MiB
2026/09/04 10:36:18.352, 170.76 W, 600.00 W, 2745 MHz, 15368 MHz, 68, 26 %, 94174 MiB
2026/09/04 10:36:19.353, 168.55 W, 600.00 W, 2745 MHz, 15368 MHz, 68, 25 %, 94174 MiB
2026/09/04 10:36:20.354, 167.92 W, 600.00 W, 2745 MHz, 15368 MHz, 68, 23 %, 94174 MiB
2026/09/04 10:36:21.354, 167.68 W, 600.00 W, 2737 MHz, 15368 MHz, 68, 29 %, 94174 MiB
2026/09/04 10:36:22.355, 166.82 W, 600.00 W, 2737 MHz, 15368 MHz, 67, 23 %, 94174 MiB
2026/09/04 10:36:23.355, 165.85 W, 600.00 W, 2745 MHz, 15368 MHz, 67, 25 %, 94174 MiB
2026/09/04 10:36:24.356, 166.12 W, 600.00 W, 2737 MHz, 15368 MHz, 67, 29 %, 94174 MiB
2026/09/04 10:36:25.359, 165.25 W, 600.00 W, 2737 MHz, 15368 MHz, 66, 22 %, 94174 MiB
2026/09/04 10:36:26.360, 166.33 W, 600.00 W, 2737 MHz, 15368 MHz, 67, 23 %, 94174 MiB
2026/09/04 10:36:27.360, 141.00 W, 600.00 W, 2610 MHz, 15368 MHz, 65, 6 %, 94174 MiB
2026/09/04 10:36:28.361, 107.72 W, 600.00 W, 2610 MHz, 15368 MHz, 65, 7 %, 94174 MiB
2026/09/04 10:36:29.362, 466.70 W, 600.00 W, 2655 MHz, 15368 MHz, 76, 98 %, 94174 MiB
2026/09/04 10:36:30.362, 397.04 W, 600.00 W, 2752 MHz, 15368 MHz, 73, 99 %, 94174 MiB
2026/09/04 10:36:31.363, 328.31 W, 600.00 W, 2745 MHz, 15368 MHz, 72, 98 %, 94174 MiB
2026/09/04 10:36:32.364, 338.43 W, 600.00 W, 2745 MHz, 15368 MHz, 71, 86 %, 94174 MiB
2026/09/04 10:36:33.365, 475.29 W, 600.00 W, 2670 MHz, 15368 MHz, 75, 99 %, 94174 MiB
2026/09/04 10:36:34.365, 397.39 W, 600.00 W, 2745 MHz, 15368 MHz, 75, 99 %, 94174 MiB
2026/09/04 10:36:35.366, 331.66 W, 600.00 W, 2745 MHz, 15368 MHz, 71, 99 %, 94174 MiB
2026/09/04 10:36:36.367, 332.32 W, 600.00 W, 2745 MHz, 15368 MHz, 73, 98 %, 94174 MiB
2026/09/04 10:36:37.368, 421.10 W, 600.00 W, 2692 MHz, 15368 MHz, 77, 99 %, 94174 MiB
2026/09/04 10:36:38.369, 440.64 W, 600.00 W, 2745 MHz, 15368 MHz, 74, 99 %, 94174 MiB
2026/09/04 10:36:39.370, 338.19 W, 600.00 W, 2745 MHz, 15368 MHz, 72, 99 %, 94174 MiB
2026/09/04 10:36:40.370, 334.05 W, 600.00 W, 2745 MHz, 15368 MHz, 71, 99 %, 94174 MiB
2026/09/04 10:36:41.371, 335.70 W, 600.00 W, 2782 MHz, 15368 MHz, 74, 99 %, 94174 MiB
2026/09/04 10:36:42.373, 477.48 W, 600.00 W, 2670 MHz, 15368 MHz, 75, 98 %, 94174 MiB
2026/09/04 10:36:43.374, 385.74 W, 600.00 W, 2745 MHz, 15368 MHz, 73, 98 %, 94174 MiB
2026/09/04 10:36:44.375, 331.51 W, 600.00 W, 2745 MHz, 15368 MHz, 72, 99 %, 94174 MiB
2026/09/04 10:36:45.376, 331.28 W, 600.00 W, 2752 MHz, 15368 MHz, 75, 99 %, 94174 MiB
2026/09/04 10:36:46.377, 338.52 W, 600.00 W, 2737 MHz, 15368 MHz, 75, 99 %, 94174 MiB
2026/09/04 10:36:47.378, 468.92 W, 600.00 W, 2677 MHz, 15368 MHz, 78, 99 %, 94174 MiB
2026/09/04 10:36:48.379, 379.36 W, 600.00 W, 2730 MHz, 15368 MHz, 71, 99 %, 94174 MiB
2026/09/04 10:36:49.380, 329.93 W, 600.00 W, 2730 MHz, 15368 MHz, 71, 100 %, 94174 MiB
2026/09/04 10:36:50.380, 326.87 W, 600.00 W, 2745 MHz, 15368 MHz, 72, 99 %, 94174 MiB
2026/09/04 10:36:51.381, 318.04 W, 600.00 W, 2782 MHz, 15368 MHz, 74, 99 %, 94174 MiB
2026/09/04 10:36:52.382, 458.45 W, 600.00 W, 2685 MHz, 15368 MHz, 78, 99 %, 94174 MiB
2026/09/04 10:36:53.382, 405.90 W, 600.00 W, 2737 MHz, 15368 MHz, 75, 98 %, 94174 MiB
2026/09/04 10:36:54.383, 335.30 W, 600.00 W, 2745 MHz, 15368 MHz, 74, 99 %, 94174 MiB
2026/09/04 10:36:55.384, 334.11 W, 600.00 W, 2745 MHz, 15368 MHz, 73, 99 %, 94174 MiB
2026/09/04 10:36:56.385, 341.15 W, 600.00 W, 2745 MHz, 15368 MHz, 74, 91 %, 94174 MiB
2026/09/04 10:36:57.386, 379.37 W, 600.00 W, 2722 MHz, 15368 MHz, 77, 98 %, 94174 MiB
2026/09/04 10:36:58.386, 450.08 W, 600.00 W, 2700 MHz, 15368 MHz, 78, 99 %, 94174 MiB
2026/09/04 10:36:59.387, 344.15 W, 600.00 W, 2745 MHz, 15368 MHz, 73, 98 %, 94174 MiB
2026/09/04 10:37:00.388, 326.63 W, 600.00 W, 2745 MHz, 15368 MHz, 72, 99 %, 94174 MiB
2026/09/04 10:37:01.389, 327.72 W, 600.00 W, 2752 MHz, 15368 MHz, 71, 99 %, 94174 MiB
2026/09/04 10:37:02.390, 308.90 W, 600.00 W, 2805 MHz, 15368 MHz, 75, 77 %, 94174 MiB
2026/09/04 10:37:03.390, 423.08 W, 600.00 W, 2700 MHz, 15368 MHz, 75, 99 %, 94174 MiB
2026/09/04 10:37:04.391, 424.59 W, 600.00 W, 2737 MHz, 15368 MHz, 72, 99 %, 94174 MiB
2026/09/04 10:37:05.394, 332.05 W, 600.00 W, 2745 MHz, 15368 MHz, 72, 99 %, 94174 MiB
2026/09/04 10:37:06.395, 333.63 W, 600.00 W, 2760 MHz, 15368 MHz, 76, 99 %, 94174 MiB
2026/09/04 10:37:07.396, 336.54 W, 600.00 W, 2745 MHz, 15368 MHz, 74, 100 %, 94174 MiB
2026/09/04 10:37:08.397, 288.92 W, 600.00 W, 2805 MHz, 15368 MHz, 73, 91 %, 94174 MiB
2026/09/04 10:37:09.398, 425.57 W, 600.00 W, 2707 MHz, 15368 MHz, 78, 98 %, 94174 MiB
2026/09/04 10:37:10.399, 419.06 W, 600.00 W, 2715 MHz, 15368 MHz, 73, 99 %, 94174 MiB
2026/09/04 10:37:11.400, 335.15 W, 600.00 W, 2745 MHz, 15368 MHz, 72, 99 %, 94174 MiB
2026/09/04 10:37:12.400, 327.18 W, 600.00 W, 2737 MHz, 15368 MHz, 72, 99 %, 94174 MiB
2026/09/04 10:37:13.401, 327.56 W, 600.00 W, 2737 MHz, 15368 MHz, 73, 99 %, 94174 MiB
2026/09/04 10:37:14.402, 317.13 W, 600.00 W, 2752 MHz, 15368 MHz, 70, 0 %, 94174 MiB
2026/09/04 10:37:15.402, 362.95 W, 600.00 W, 2707 MHz, 15368 MHz, 78, 100 %, 94174 MiB
2026/09/04 10:37:16.403, 424.18 W, 600.00 W, 2692 MHz, 15368 MHz, 74, 99 %, 94174 MiB
2026/09/04 10:37:17.404, 360.77 W, 600.00 W, 2737 MHz, 15368 MHz, 73, 100 %, 94174 MiB
2026/09/04 10:37:18.404, 327.83 W, 600.00 W, 2745 MHz, 15368 MHz, 77, 100 %, 94174 MiB
2026/09/04 10:37:19.405, 330.45 W, 600.00 W, 2752 MHz, 15368 MHz, 76, 99 %, 94174 MiB
2026/09/04 10:37:20.406, 328.01 W, 600.00 W, 2767 MHz, 15368 MHz, 75, 99 %, 94174 MiB
2026/09/04 10:37:21.407, 302.09 W, 600.00 W, 2760 MHz, 15368 MHz, 77, 99 %, 94174 MiB
2026/09/04 10:37:22.407, 410.00 W, 600.00 W, 2715 MHz, 15368 MHz, 76, 99 %, 94174 MiB
2026/09/04 10:37:23.408, 420.37 W, 600.00 W, 2707 MHz, 15368 MHz, 73, 99 %, 94174 MiB
2026/09/04 10:37:24.409, 333.80 W, 600.00 W, 2752 MHz, 15368 MHz, 77, 100 %, 94174 MiB
2026/09/04 10:37:25.409, 316.97 W, 600.00 W, 2760 MHz, 15368 MHz, 71, 99 %, 94174 MiB
2026/09/04 10:37:26.410, 326.35 W, 600.00 W, 2745 MHz, 15368 MHz, 72, 99 %, 94174 MiB
2026/09/04 10:37:27.412, 334.12 W, 600.00 W, 2745 MHz, 15368 MHz, 73, 99 %, 94174 MiB
2026/09/04 10:37:28.413, 303.76 W, 600.00 W, 2730 MHz, 15368 MHz, 77, 99 %, 94174 MiB
2026/09/04 10:37:29.414, 409.01 W, 600.00 W, 2700 MHz, 15368 MHz, 74, 99 %, 94174 MiB
2026/09/04 10:37:30.415, 413.16 W, 600.00 W, 2722 MHz, 15368 MHz, 74, 99 %, 94174 MiB
2026/09/04 10:37:31.416, 335.34 W, 600.00 W, 2745 MHz, 15368 MHz, 77, 100 %, 94174 MiB
2026/09/04 10:37:32.417, 321.02 W, 600.00 W, 2752 MHz, 15368 MHz, 73, 98 %, 94174 MiB
2026/09/04 10:37:33.418, 325.78 W, 600.00 W, 2745 MHz, 15368 MHz, 76, 99 %, 94174 MiB
2026/09/04 10:37:34.419, 328.56 W, 600.00 W, 2737 MHz, 15368 MHz, 76, 99 %, 94174 MiB
2026/09/04 10:37:35.419, 276.86 W, 600.00 W, 2767 MHz, 15368 MHz, 77, 100 %, 94174 MiB
2026/09/04 10:37:36.420, 405.59 W, 600.00 W, 2707 MHz, 15368 MHz, 77, 99 %, 94174 MiB
2026/09/04 10:37:37.421, 408.39 W, 600.00 W, 2700 MHz, 15368 MHz, 73, 99 %, 94174 MiB
2026/09/04 10:37:38.422, 352.01 W, 600.00 W, 2737 MHz, 15368 MHz, 73, 99 %, 94174 MiB
2026/09/04 10:37:39.422, 316.87 W, 600.00 W, 2760 MHz, 15368 MHz, 74, 99 %, 94174 MiB
2026/09/04 10:37:40.423, 335.36 W, 600.00 W, 2737 MHz, 15368 MHz, 73, 99 %, 94174 MiB
2026/09/04 10:37:41.424, 326.29 W, 600.00 W, 2730 MHz, 15368 MHz, 72, 100 %, 94174 MiB
2026/09/04 10:37:42.424, 296.62 W, 600.00 W, 2805 MHz, 15368 MHz, 70, 0 %, 94174 MiB
2026/09/04 10:37:43.425, 351.07 W, 600.00 W, 2715 MHz, 15368 MHz, 73, 99 %, 94174 MiB
2026/09/04 10:37:44.425, 405.09 W, 600.00 W, 2707 MHz, 15368 MHz, 78, 99 %, 94174 MiB
2026/09/04 10:37:45.426, 370.55 W, 600.00 W, 2760 MHz, 15368 MHz, 71, 99 %, 94174 MiB
2026/09/04 10:37:46.427, 334.93 W, 600.00 W, 2737 MHz, 15368 MHz, 76, 99 %, 94174 MiB
2026/09/04 10:37:47.427, 323.71 W, 600.00 W, 2752 MHz, 15368 MHz, 76, 100 %, 94174 MiB
2026/09/04 10:37:48.428, 325.32 W, 600.00 W, 2730 MHz, 15368 MHz, 72, 100 %, 94174 MiB
2026/09/04 10:37:49.431, 329.33 W, 600.00 W, 2730 MHz, 15368 MHz, 73, 100 %, 94174 MiB
2026/09/04 10:37:50.431, 270.40 W, 600.00 W, 2782 MHz, 15368 MHz, 72, 99 %, 94174 MiB
2026/09/04 10:37:51.432, 397.18 W, 600.00 W, 2707 MHz, 15368 MHz, 73, 99 %, 94174 MiB
2026/09/04 10:37:52.433, 403.13 W, 600.00 W, 2722 MHz, 15368 MHz, 78, 100 %, 94174 MiB
2026/09/04 10:37:53.434, 361.62 W, 600.00 W, 2730 MHz, 15368 MHz, 75, 100 %, 94174 MiB
2026/09/04 10:37:54.435, 328.50 W, 600.00 W, 2760 MHz, 15368 MHz, 72, 99 %, 94174 MiB
2026/09/04 10:37:55.436, 332.48 W, 600.00 W, 2730 MHz, 15368 MHz, 75, 100 %, 94174 MiB
2026/09/04 10:37:56.436, 335.03 W, 600.00 W, 2730 MHz, 15368 MHz, 72, 100 %, 94174 MiB
2026/09/04 10:37:57.437, 324.94 W, 600.00 W, 2752 MHz, 15368 MHz, 76, 100 %, 94174 MiB
2026/09/04 10:37:58.438, 260.33 W, 600.00 W, 2812 MHz, 15368 MHz, 76, 84 %, 94174 MiB
2026/09/04 10:37:59.438, 387.27 W, 600.00 W, 2715 MHz, 15368 MHz, 76, 99 %, 94174 MiB
2026/09/04 10:38:00.439, 393.36 W, 600.00 W, 2707 MHz, 15368 MHz, 76, 99 %, 94174 MiB
2026/09/04 10:38:01.440, 372.73 W, 600.00 W, 2760 MHz, 15368 MHz, 74, 98 %, 94174 MiB
2026/09/04 10:38:02.441, 333.23 W, 600.00 W, 2730 MHz, 15368 MHz, 74, 100 %, 94174 MiB
2026/09/04 10:38:03.441, 334.72 W, 600.00 W, 2722 MHz, 15368 MHz, 77, 99 %, 94174 MiB
2026/09/04 10:38:04.442, 311.65 W, 600.00 W, 2775 MHz, 15368 MHz, 73, 99 %, 94174 MiB
2026/09/04 10:38:05.443, 326.29 W, 600.00 W, 2730 MHz, 15368 MHz, 73, 99 %, 94174 MiB
2026/09/04 10:38:06.444, 299.48 W, 600.00 W, 2790 MHz, 15368 MHz, 70, 0 %, 94174 MiB
2026/09/04 10:38:07.444, 301.41 W, 600.00 W, 2737 MHz, 15368 MHz, 75, 100 %, 94174 MiB
2026/09/04 10:38:08.445, 387.53 W, 600.00 W, 2715 MHz, 15368 MHz, 78, 100 %, 94174 MiB
2026/09/04 10:38:09.446, 395.67 W, 600.00 W, 2707 MHz, 15368 MHz, 75, 99 %, 94174 MiB
2026/09/04 10:38:10.447, 332.03 W, 600.00 W, 2775 MHz, 15368 MHz, 75, 100 %, 94174 MiB
2026/09/04 10:38:11.447, 332.15 W, 600.00 W, 2730 MHz, 15368 MHz, 74, 99 %, 94174 MiB
2026/09/04 10:38:12.448, 318.12 W, 600.00 W, 2730 MHz, 15368 MHz, 72, 100 %, 94174 MiB
2026/09/04 10:38:13.449, 307.95 W, 600.00 W, 2775 MHz, 15368 MHz, 72, 99 %, 94174 MiB
2026/09/04 10:38:14.449, 339.67 W, 600.00 W, 2722 MHz, 15368 MHz, 75, 99 %, 94174 MiB
2026/09/04 10:38:15.450, 241.87 W, 600.00 W, 2812 MHz, 15368 MHz, 73, 71 %, 94174 MiB
2026/09/04 10:38:16.451, 379.84 W, 600.00 W, 2745 MHz, 15368 MHz, 75, 100 %, 94174 MiB
2026/09/04 10:38:17.452, 387.69 W, 600.00 W, 2737 MHz, 15368 MHz, 76, 100 %, 94174 MiB
2026/09/04 10:38:18.453, 389.20 W, 600.00 W, 2722 MHz, 15368 MHz, 78, 100 %, 94174 MiB
2026/09/04 10:38:19.454, 318.02 W, 600.00 W, 2722 MHz, 15368 MHz, 72, 99 %, 94174 MiB
2026/09/04 10:38:20.454, 319.83 W, 600.00 W, 2745 MHz, 15368 MHz, 74, 100 %, 94174 MiB
2026/09/04 10:38:21.455, 311.52 W, 600.00 W, 2775 MHz, 15368 MHz, 71, 99 %, 94174 MiB
2026/09/04 10:38:22.456, 323.99 W, 600.00 W, 2737 MHz, 15368 MHz, 77, 100 %, 94174 MiB
2026/09/04 10:38:23.457, 332.87 W, 600.00 W, 2722 MHz, 15368 MHz, 72, 99 %, 94174 MiB
2026/09/04 10:38:24.458, 231.52 W, 600.00 W, 2812 MHz, 15368 MHz, 75, 99 %, 94174 MiB
2026/09/04 10:38:25.458, 366.86 W, 600.00 W, 2752 MHz, 15368 MHz, 74, 100 %, 94174 MiB
2026/09/04 10:38:26.459, 372.74 W, 600.00 W, 2730 MHz, 15368 MHz, 71, 99 %, 94174 MiB
2026/09/04 10:38:27.460, 394.97 W, 600.00 W, 2715 MHz, 15368 MHz, 72, 99 %, 94174 MiB
2026/09/04 10:38:28.461, 329.91 W, 600.00 W, 2767 MHz, 15368 MHz, 75, 100 %, 94174 MiB
2026/09/04 10:38:29.461, 333.88 W, 600.00 W, 2760 MHz, 15368 MHz, 77, 100 %, 94174 MiB
2026/09/04 10:38:30.462, 323.68 W, 600.00 W, 2752 MHz, 15368 MHz, 75, 99 %, 94174 MiB
2026/09/04 10:38:31.463, 324.05 W, 600.00 W, 2745 MHz, 15368 MHz, 71, 99 %, 94174 MiB
2026/09/04 10:38:32.464, 329.84 W, 600.00 W, 2752 MHz, 15368 MHz, 74, 100 %, 94174 MiB
2026/09/04 10:38:33.464, 293.01 W, 600.00 W, 2797 MHz, 15368 MHz, 69, 0 %, 94174 MiB
2026/09/04 10:38:34.465, 264.88 W, 600.00 W, 2715 MHz, 15368 MHz, 72, 99 %, 94174 MiB
2026/09/04 10:38:35.466, 383.37 W, 600.00 W, 2707 MHz, 15368 MHz, 76, 99 %, 94174 MiB
2026/09/04 10:38:36.466, 372.54 W, 600.00 W, 2722 MHz, 15368 MHz, 77, 100 %, 94174 MiB
2026/09/04 10:38:37.467, 357.42 W, 600.00 W, 2767 MHz, 15368 MHz, 72, 99 %, 94174 MiB
2026/09/04 10:38:38.467, 307.36 W, 600.00 W, 2775 MHz, 15368 MHz, 72, 99 %, 94174 MiB
2026/09/04 10:38:39.468, 326.05 W, 600.00 W, 2760 MHz, 15368 MHz, 75, 100 %, 94174 MiB
2026/09/04 10:38:40.468, 329.32 W, 600.00 W, 2737 MHz, 15368 MHz, 77, 100 %, 94174 MiB
2026/09/04 10:38:41.469, 316.76 W, 600.00 W, 2730 MHz, 15368 MHz, 72, 100 %, 94174 MiB
2026/09/04 10:38:42.470, 325.52 W, 600.00 W, 2722 MHz, 15368 MHz, 71, 99 %, 94174 MiB
2026/09/04 10:38:43.470, 220.21 W, 600.00 W, 2812 MHz, 15368 MHz, 69, 0 %, 94174 MiB
2026/09/04 10:38:44.471, 354.08 W, 600.00 W, 2722 MHz, 15368 MHz, 71, 99 %, 94174 MiB
2026/09/04 10:38:45.475, 371.93 W, 600.00 W, 2715 MHz, 15368 MHz, 77, 100 %, 94174 MiB
2026/09/04 10:38:46.475, 363.43 W, 600.00 W, 2745 MHz, 15368 MHz, 74, 100 %, 94174 MiB
2026/09/04 10:38:47.476, 342.45 W, 600.00 W, 2722 MHz, 15368 MHz, 76, 99 %, 94174 MiB
2026/09/04 10:38:48.476, 316.90 W, 600.00 W, 2722 MHz, 15368 MHz, 72, 99 %, 94174 MiB
2026/09/04 10:38:49.477, 316.90 W, 600.00 W, 2722 MHz, 15368 MHz, 75, 98 %, 94174 MiB
2026/09/04 10:38:50.477, 313.33 W, 600.00 W, 2715 MHz, 15368 MHz, 71, 99 %, 94174 MiB
2026/09/04 10:38:51.478, 313.32 W, 600.00 W, 2715 MHz, 15368 MHz, 71, 99 %, 94174 MiB
2026/09/04 10:38:52.479, 326.03 W, 600.00 W, 2722 MHz, 15368 MHz, 76, 99 %, 94174 MiB
2026/09/04 10:38:53.479, 215.52 W, 600.00 W, 2812 MHz, 15368 MHz, 69, 0 %, 94174 MiB
2026/09/04 10:38:54.480, 357.97 W, 600.00 W, 2715 MHz, 15368 MHz, 72, 99 %, 94174 MiB
2026/09/04 10:38:55.480, 365.03 W, 600.00 W, 2752 MHz, 15368 MHz, 75, 100 %, 94174 MiB
2026/09/04 10:38:56.481, 378.10 W, 600.00 W, 2700 MHz, 15368 MHz, 73, 99 %, 94174 MiB
2026/09/04 10:38:57.481, 343.04 W, 600.00 W, 2767 MHz, 15368 MHz, 74, 100 %, 94174 MiB
2026/09/04 10:38:58.482, 318.39 W, 600.00 W, 2760 MHz, 15368 MHz, 74, 100 %, 94174 MiB
2026/09/04 10:38:59.483, 313.89 W, 600.00 W, 2767 MHz, 15368 MHz, 74, 100 %, 94174 MiB
2026/09/04 10:39:00.483, 312.85 W, 600.00 W, 2767 MHz, 15368 MHz, 74, 100 %, 94174 MiB
2026/09/04 10:39:01.484, 314.65 W, 600.00 W, 2775 MHz, 15368 MHz, 74, 100 %, 94174 MiB
2026/09/04 10:39:02.484, 318.07 W, 600.00 W, 2767 MHz, 15368 MHz, 74, 100 %, 94174 MiB
2026/09/04 10:39:03.485, 268.74 W, 600.00 W, 2812 MHz, 15368 MHz, 69, 0 %, 94174 MiB
2026/09/04 10:39:04.485, 298.20 W, 600.00 W, 2707 MHz, 15368 MHz, 76, 99 %, 94174 MiB
2026/09/04 10:39:05.486, 360.48 W, 600.00 W, 2722 MHz, 15368 MHz, 75, 100 %, 94174 MiB
2026/09/04 10:39:06.487, 382.18 W, 600.00 W, 2715 MHz, 15368 MHz, 72, 99 %, 94174 MiB
2026/09/04 10:39:07.487, 371.77 W, 600.00 W, 2707 MHz, 15368 MHz, 73, 99 %, 94174 MiB
2026/09/04 10:39:08.488, 323.52 W, 600.00 W, 2722 MHz, 15368 MHz, 75, 100 %, 94174 MiB
2026/09/04 10:39:09.489, 326.25 W, 600.00 W, 2737 MHz, 15368 MHz, 74, 100 %, 94174 MiB
2026/09/04 10:39:10.490, 313.18 W, 600.00 W, 2752 MHz, 15368 MHz, 74, 100 %, 94174 MiB
2026/09/04 10:39:11.490, 315.05 W, 600.00 W, 2767 MHz, 15368 MHz, 74, 100 %, 94174 MiB
2026/09/04 10:39:12.491, 313.41 W, 600.00 W, 2782 MHz, 15368 MHz, 73, 100 %, 94174 MiB
2026/09/04 10:39:13.492, 313.55 W, 600.00 W, 2782 MHz, 15368 MHz, 73, 100 %, 94174 MiB
2026/09/04 10:39:14.493, 210.83 W, 600.00 W, 2805 MHz, 15368 MHz, 75, 100 %, 94174 MiB
2026/09/04 10:39:15.493, 366.62 W, 600.00 W, 2715 MHz, 15368 MHz, 77, 99 %, 94174 MiB
2026/09/04 10:39:16.494, 351.93 W, 600.00 W, 2745 MHz, 15368 MHz, 74, 100 %, 94174 MiB
2026/09/04 10:39:17.495, 372.61 W, 600.00 W, 2700 MHz, 15368 MHz, 76, 99 %, 94174 MiB
2026/09/04 10:39:18.496, 349.06 W, 600.00 W, 2767 MHz, 15368 MHz, 72, 99 %, 94174 MiB
2026/09/04 10:39:19.496, 314.48 W, 600.00 W, 2767 MHz, 15368 MHz, 75, 99 %, 94174 MiB
2026/09/04 10:39:20.497, 314.33 W, 600.00 W, 2737 MHz, 15368 MHz, 75, 99 %, 94174 MiB
2026/09/04 10:39:21.498, 317.57 W, 600.00 W, 2707 MHz, 15368 MHz, 71, 99 %, 94174 MiB
2026/09/04 10:39:22.499, 315.68 W, 600.00 W, 2722 MHz, 15368 MHz, 73, 99 %, 94174 MiB
2026/09/04 10:39:23.499, 322.34 W, 600.00 W, 2730 MHz, 15368 MHz, 77, 100 %, 94174 MiB
2026/09/04 10:39:24.500, 315.27 W, 600.00 W, 2745 MHz, 15368 MHz, 75, 100 %, 94174 MiB
2026/09/04 10:39:25.501, 217.46 W, 600.00 W, 2805 MHz, 15368 MHz, 74, 99 %, 94174 MiB
2026/09/04 10:39:26.501, 358.10 W, 600.00 W, 2715 MHz, 15368 MHz, 77, 100 %, 94174 MiB
2026/09/04 10:39:27.502, 349.47 W, 600.00 W, 2775 MHz, 15368 MHz, 74, 100 %, 94174 MiB
2026/09/04 10:39:28.503, 368.72 W, 600.00 W, 2707 MHz, 15368 MHz, 73, 99 %, 94174 MiB
2026/09/04 10:39:29.504, 347.41 W, 600.00 W, 2745 MHz, 15368 MHz, 77, 100 %, 94174 MiB
2026/09/04 10:39:30.504, 314.01 W, 600.00 W, 2700 MHz, 15368 MHz, 71, 99 %, 94174 MiB
2026/09/04 10:39:31.505, 313.96 W, 600.00 W, 2722 MHz, 15368 MHz, 72, 100 %, 94174 MiB
2026/09/04 10:39:32.506, 303.56 W, 600.00 W, 2752 MHz, 15368 MHz, 74, 100 %, 94174 MiB
2026/09/04 10:39:33.507, 304.63 W, 600.00 W, 2782 MHz, 15368 MHz, 70, 100 %, 94174 MiB
2026/09/04 10:39:34.507, 329.15 W, 600.00 W, 2767 MHz, 15368 MHz, 72, 98 %, 94174 MiB
2026/09/04 10:39:35.508, 319.38 W, 600.00 W, 2752 MHz, 15368 MHz, 72, 100 %, 94174 MiB
2026/09/04 10:39:36.509, 218.47 W, 600.00 W, 2812 MHz, 15368 MHz, 68, 0 %, 94174 MiB
2026/09/04 10:39:37.509, 311.26 W, 600.00 W, 2752 MHz, 15368 MHz, 70, 99 %, 94174 MiB
2026/09/04 10:39:38.510, 359.10 W, 600.00 W, 2767 MHz, 15368 MHz, 74, 100 %, 94174 MiB
2026/09/04 10:39:39.513, 376.47 W, 600.00 W, 2752 MHz, 15368 MHz, 78, 100 %, 94174 MiB
2026/09/04 10:39:40.514, 365.17 W, 600.00 W, 2730 MHz, 15368 MHz, 75, 99 %, 94174 MiB
2026/09/04 10:39:41.515, 334.16 W, 600.00 W, 2730 MHz, 15368 MHz, 71, 99 %, 94174 MiB
2026/09/04 10:39:42.515, 311.92 W, 600.00 W, 2760 MHz, 15368 MHz, 74, 100 %, 94174 MiB
2026/09/04 10:39:43.516, 296.07 W, 600.00 W, 2782 MHz, 15368 MHz, 70, 100 %, 94174 MiB
2026/09/04 10:39:44.517, 316.92 W, 600.00 W, 2775 MHz, 15368 MHz, 73, 99 %, 94174 MiB
2026/09/04 10:39:45.518, 321.96 W, 600.00 W, 2737 MHz, 15368 MHz, 71, 99 %, 94174 MiB
2026/09/04 10:39:46.519, 314.52 W, 600.00 W, 2760 MHz, 15368 MHz, 76, 100 %, 94174 MiB
2026/09/04 10:39:47.520, 305.63 W, 600.00 W, 2775 MHz, 15368 MHz, 73, 100 %, 94174 MiB
2026/09/04 10:39:48.520, 193.74 W, 600.00 W, 2812 MHz, 15368 MHz, 68, 16 %, 94174 MiB
2026/09/04 10:39:49.521, 339.80 W, 600.00 W, 2745 MHz, 15368 MHz, 74, 100 %, 94174 MiB
2026/09/04 10:39:50.522, 368.85 W, 600.00 W, 2722 MHz, 15368 MHz, 77, 99 %, 94174 MiB
2026/09/04 10:39:51.522, 361.98 W, 600.00 W, 2707 MHz, 15368 MHz, 76, 100 %, 94174 MiB
2026/09/04 10:39:52.523, 360.12 W, 600.00 W, 2722 MHz, 15368 MHz, 71, 99 %, 94174 MiB
2026/09/04 10:39:53.524, 325.66 W, 600.00 W, 2745 MHz, 15368 MHz, 77, 100 %, 94174 MiB
2026/09/04 10:39:54.525, 314.66 W, 600.00 W, 2715 MHz, 15368 MHz, 75, 99 %, 94174 MiB
2026/09/04 10:39:55.526, 298.69 W, 600.00 W, 2767 MHz, 15368 MHz, 73, 100 %, 94174 MiB
2026/09/04 10:39:56.527, 319.88 W, 600.00 W, 2767 MHz, 15368 MHz, 71, 99 %, 94174 MiB
2026/09/04 10:39:57.528, 308.37 W, 600.00 W, 2737 MHz, 15368 MHz, 72, 99 %, 94174 MiB
2026/09/04 10:39:58.529, 315.62 W, 600.00 W, 2722 MHz, 15368 MHz, 72, 100 %, 94174 MiB
2026/09/04 10:39:59.529, 315.54 W, 600.00 W, 2760 MHz, 15368 MHz, 73, 100 %, 94174 MiB
2026/09/04 10:40:00.530, 192.20 W, 600.00 W, 2812 MHz, 15368 MHz, 68, 68 %, 94174 MiB
2026/09/04 10:40:01.532, 331.67 W, 600.00 W, 2730 MHz, 15368 MHz, 74, 100 %, 94174 MiB
2026/09/04 10:40:02.533, 363.48 W, 600.00 W, 2722 MHz, 15368 MHz, 77, 100 %, 94174 MiB
2026/09/04 10:40:03.534, 357.72 W, 600.00 W, 2692 MHz, 15368 MHz, 70, 99 %, 94174 MiB
2026/09/04 10:40:04.535, 366.98 W, 600.00 W, 2722 MHz, 15368 MHz, 77, 100 %, 94174 MiB
2026/09/04 10:40:05.535, 323.99 W, 600.00 W, 2707 MHz, 15368 MHz, 70, 99 %, 94174 MiB
2026/09/04 10:40:06.536, 306.96 W, 600.00 W, 2745 MHz, 15368 MHz, 74, 100 %, 94174 MiB
2026/09/04 10:40:07.537, 304.51 W, 600.00 W, 2775 MHz, 15368 MHz, 70, 99 %, 94174 MiB
2026/09/04 10:40:08.538, 308.14 W, 600.00 W, 2737 MHz, 15368 MHz, 74, 99 %, 94174 MiB
2026/09/04 10:40:09.539, 326.53 W, 600.00 W, 2722 MHz, 15368 MHz, 74, 100 %, 94174 MiB
2026/09/04 10:40:10.540, 303.85 W, 600.00 W, 2782 MHz, 15368 MHz, 71, 100 %, 94174 MiB
2026/09/04 10:40:11.540, 334.31 W, 600.00 W, 2767 MHz, 15368 MHz, 72, 99 %, 94174 MiB
2026/09/04 10:40:12.541, 223.48 W, 600.00 W, 2812 MHz, 15368 MHz, 68, 0 %, 94174 MiB
2026/09/04 10:40:13.542, 280.48 W, 600.00 W, 2692 MHz, 15368 MHz, 70, 99 %, 94174 MiB
2026/09/04 10:40:14.542, 342.70 W, 600.00 W, 2707 MHz, 15368 MHz, 71, 99 %, 94174 MiB
2026/09/04 10:40:15.543, 359.76 W, 600.00 W, 2715 MHz, 15368 MHz, 76, 100 %, 94174 MiB
2026/09/04 10:40:16.544, 352.74 W, 600.00 W, 2722 MHz, 15368 MHz, 77, 100 %, 94174 MiB
2026/09/04 10:40:17.545, 333.84 W, 600.00 W, 2752 MHz, 15368 MHz, 76, 100 %, 94174 MiB
2026/09/04 10:40:18.546, 317.86 W, 600.00 W, 2715 MHz, 15368 MHz, 75, 100 %, 94174 MiB
2026/09/04 10:40:19.546, 304.11 W, 600.00 W, 2782 MHz, 15368 MHz, 69, 99 %, 94174 MiB
2026/09/04 10:40:20.547, 313.87 W, 600.00 W, 2737 MHz, 15368 MHz, 69, 99 %, 94174 MiB
2026/09/04 10:40:21.548, 317.21 W, 600.00 W, 2737 MHz, 15368 MHz, 74, 100 %, 94174 MiB
2026/09/04 10:40:22.549, 304.61 W, 600.00 W, 2775 MHz, 15368 MHz, 70, 99 %, 94174 MiB
2026/09/04 10:40:23.550, 327.65 W, 600.00 W, 2722 MHz, 15368 MHz, 70, 99 %, 94174 MiB
2026/09/04 10:40:24.551, 315.71 W, 600.00 W, 2745 MHz, 15368 MHz, 74, 100 %, 94174 MiB
2026/09/04 10:40:25.551, 182.28 W, 600.00 W, 2812 MHz, 15368 MHz, 67, 0 %, 94174 MiB
2026/09/04 10:40:26.552, 315.22 W, 600.00 W, 2752 MHz, 15368 MHz, 70, 99 %, 94174 MiB
2026/09/04 10:40:27.553, 342.43 W, 600.00 W, 2752 MHz, 15368 MHz, 70, 99 %, 94174 MiB
2026/09/04 10:40:28.553, 344.20 W, 600.00 W, 2752 MHz, 15368 MHz, 70, 99 %, 94174 MiB
2026/09/04 10:40:29.554, 350.02 W, 600.00 W, 2752 MHz, 15368 MHz, 70, 100 %, 94174 MiB
2026/09/04 10:40:30.554, 329.60 W, 600.00 W, 2775 MHz, 15368 MHz, 74, 99 %, 94174 MiB
2026/09/04 10:40:31.555, 317.18 W, 600.00 W, 2700 MHz, 15368 MHz, 71, 99 %, 94174 MiB
2026/09/04 10:40:32.556, 301.49 W, 600.00 W, 2782 MHz, 15368 MHz, 71, 100 %, 94174 MiB
2026/09/04 10:40:33.557, 314.35 W, 600.00 W, 2752 MHz, 15368 MHz, 76, 100 %, 94174 MiB
2026/09/04 10:40:34.558, 311.47 W, 600.00 W, 2737 MHz, 15368 MHz, 73, 100 %, 94174 MiB
2026/09/04 10:40:35.558, 293.95 W, 600.00 W, 2775 MHz, 15368 MHz, 69, 99 %, 94174 MiB
2026/09/04 10:40:36.559, 319.41 W, 600.00 W, 2707 MHz, 15368 MHz, 70, 99 %, 94174 MiB
2026/09/04 10:40:37.560, 319.32 W, 600.00 W, 2752 MHz, 15368 MHz, 73, 100 %, 94174 MiB
2026/09/04 10:40:38.561, 138.00 W, 600.00 W, 2812 MHz, 15368 MHz, 67, 0 %, 94174 MiB
2026/09/04 10:40:39.561, 317.84 W, 600.00 W, 2707 MHz, 15368 MHz, 73, 100 %, 94174 MiB
2026/09/04 10:40:40.562, 358.90 W, 600.00 W, 2700 MHz, 15368 MHz, 70, 99 %, 94174 MiB
2026/09/04 10:40:41.563, 345.17 W, 600.00 W, 2685 MHz, 15368 MHz, 71, 99 %, 94174 MiB
2026/09/04 10:40:42.564, 346.30 W, 600.00 W, 2685 MHz, 15368 MHz, 72, 99 %, 94174 MiB
2026/09/04 10:40:43.565, 340.66 W, 600.00 W, 2700 MHz, 15368 MHz, 72, 99 %, 94174 MiB
2026/09/04 10:40:44.565, 295.03 W, 600.00 W, 2782 MHz, 15368 MHz, 69, 99 %, 94174 MiB
2026/09/04 10:40:45.566, 324.61 W, 600.00 W, 2707 MHz, 15368 MHz, 70, 99 %, 94174 MiB
2026/09/04 10:40:46.567, 305.19 W, 600.00 W, 2782 MHz, 15368 MHz, 72, 100 %, 94174 MiB
2026/09/04 10:40:47.568, 313.19 W, 600.00 W, 2752 MHz, 15368 MHz, 75, 100 %, 94174 MiB
2026/09/04 10:40:48.568, 314.00 W, 600.00 W, 2745 MHz, 15368 MHz, 73, 100 %, 94174 MiB
2026/09/04 10:40:49.569, 300.52 W, 600.00 W, 2775 MHz, 15368 MHz, 72, 99 %, 94174 MiB
2026/09/04 10:40:50.570, 320.21 W, 600.00 W, 2700 MHz, 15368 MHz, 71, 100 %, 94174 MiB
2026/09/04 10:40:51.571, 273.64 W, 600.00 W, 2797 MHz, 15368 MHz, 73, 80 %, 94174 MiB
2026/09/04 10:40:52.571, 354.36 W, 600.00 W, 2707 MHz, 15368 MHz, 73, 100 %, 94174 MiB
2026/09/04 10:40:53.572, 273.73 W, 600.00 W, 2760 MHz, 15368 MHz, 72, 100 %, 94174 MiB
2026/09/04 10:40:54.573, 261.29 W, 600.00 W, 2767 MHz, 15368 MHz, 69, 99 %, 94174 MiB
2026/09/04 10:40:55.573, 263.60 W, 600.00 W, 2767 MHz, 15368 MHz, 70, 99 %, 94174 MiB
2026/09/04 10:40:56.576, 181.87 W, 600.00 W, 2812 MHz, 15368 MHz, 68, 28 %, 94174 MiB
2026/09/04 10:40:57.576, 171.55 W, 600.00 W, 2812 MHz, 15368 MHz, 67, 27 %, 94174 MiB
2026/09/04 10:40:58.577, 164.51 W, 600.00 W, 2745 MHz, 15368 MHz, 67, 27 %, 94174 MiB
2026/09/04 10:40:59.578, 162.94 W, 600.00 W, 2745 MHz, 15368 MHz, 67, 29 %, 94174 MiB
2026/09/04 10:41:00.578, 163.24 W, 600.00 W, 2737 MHz, 15368 MHz, 66, 27 %, 94174 MiB
2026/09/04 10:41:01.579, 162.92 W, 600.00 W, 2737 MHz, 15368 MHz, 66, 27 %, 94174 MiB
2026/09/04 10:41:02.579, 163.29 W, 600.00 W, 2745 MHz, 15368 MHz, 66, 30 %, 94174 MiB
2026/09/04 10:41:03.580, 162.89 W, 600.00 W, 2737 MHz, 15368 MHz, 66, 33 %, 94174 MiB
2026/09/04 10:41:04.581, 161.50 W, 600.00 W, 2745 MHz, 15368 MHz, 66, 34 %, 94174 MiB
2026/09/04 10:41:05.582, 162.07 W, 600.00 W, 2737 MHz, 15368 MHz, 65, 27 %, 94174 MiB
2026/09/04 10:41:06.583, 161.63 W, 600.00 W, 2745 MHz, 15368 MHz, 65, 27 %, 94174 MiB
2026/09/04 10:41:07.584, 161.18 W, 600.00 W, 2745 MHz, 15368 MHz, 65, 27 %, 94174 MiB
2026/09/04 10:41:08.584, 118.64 W, 600.00 W, 2610 MHz, 15368 MHz, 64, 6 %, 94174 MiB
2026/09/04 10:41:09.585, 174.20 W, 600.00 W, 2647 MHz, 15368 MHz, 70, 90 %, 94174 MiB
2026/09/04 10:41:10.591, 512.39 W, 600.00 W, 2662 MHz, 15368 MHz, 75, 98 %, 94174 MiB
2026/09/04 10:41:11.592, 334.36 W, 600.00 W, 2745 MHz, 15368 MHz, 72, 98 %, 94174 MiB
2026/09/04 10:41:12.593, 326.81 W, 600.00 W, 2745 MHz, 15368 MHz, 71, 99 %, 94174 MiB
2026/09/04 10:41:13.593, 364.07 W, 600.00 W, 2760 MHz, 15368 MHz, 72, 99 %, 94174 MiB
2026/09/04 10:41:14.594, 496.79 W, 600.00 W, 2677 MHz, 15368 MHz, 75, 99 %, 94174 MiB
2026/09/04 10:41:15.595, 338.59 W, 600.00 W, 2752 MHz, 15368 MHz, 72, 99 %, 94174 MiB
2026/09/04 10:41:16.596, 330.98 W, 600.00 W, 2752 MHz, 15368 MHz, 71, 98 %, 94174 MiB
2026/09/04 10:41:17.597, 312.96 W, 600.00 W, 2752 MHz, 15368 MHz, 70, 86 %, 94174 MiB
2026/09/04 10:41:18.598, 452.42 W, 600.00 W, 2685 MHz, 15368 MHz, 74, 98 %, 94174 MiB
2026/09/04 10:41:19.599, 397.85 W, 600.00 W, 2745 MHz, 15368 MHz, 72, 99 %, 94174 MiB
2026/09/04 10:41:20.600, 335.56 W, 600.00 W, 2745 MHz, 15368 MHz, 71, 99 %, 94174 MiB
2026/09/04 10:41:21.600, 326.93 W, 600.00 W, 2752 MHz, 15368 MHz, 74, 99 %, 94174 MiB
2026/09/04 10:41:22.601, 371.69 W, 600.00 W, 2707 MHz, 15368 MHz, 75, 99 %, 94174 MiB
2026/09/04 10:41:23.602, 475.79 W, 600.00 W, 2677 MHz, 15368 MHz, 74, 99 %, 94174 MiB
2026/09/04 10:41:24.603, 346.14 W, 600.00 W, 2745 MHz, 15368 MHz, 72, 98 %, 94174 MiB
2026/09/04 10:41:25.604, 330.56 W, 600.00 W, 2737 MHz, 15368 MHz, 73, 99 %, 94174 MiB
2026/09/04 10:41:26.605, 332.62 W, 600.00 W, 2745 MHz, 15368 MHz, 70, 99 %, 94174 MiB
2026/09/04 10:41:27.605, 371.73 W, 600.00 W, 2677 MHz, 15368 MHz, 72, 99 %, 94174 MiB
2026/09/04 10:41:28.606, 464.72 W, 600.00 W, 2677 MHz, 15368 MHz, 75, 99 %, 94174 MiB
2026/09/04 10:41:29.607, 338.92 W, 600.00 W, 2737 MHz, 15368 MHz, 72, 99 %, 94174 MiB
2026/09/04 10:41:30.608, 328.71 W, 600.00 W, 2745 MHz, 15368 MHz, 71, 99 %, 94174 MiB
2026/09/04 10:41:31.609, 327.99 W, 600.00 W, 2745 MHz, 15368 MHz, 71, 99 %, 94174 MiB
2026/09/04 10:41:32.610, 349.80 W, 600.00 W, 2707 MHz, 15368 MHz, 75, 99 %, 94174 MiB
2026/09/04 10:41:33.611, 460.11 W, 600.00 W, 2700 MHz, 15368 MHz, 76, 99 %, 94174 MiB
2026/09/04 10:41:34.612, 354.68 W, 600.00 W, 2745 MHz, 15368 MHz, 71, 99 %, 94174 MiB
2026/09/04 10:41:35.612, 333.69 W, 600.00 W, 2752 MHz, 15368 MHz, 73, 99 %, 94174 MiB
2026/09/04 10:41:36.613, 323.15 W, 600.00 W, 2752 MHz, 15368 MHz, 73, 99 %, 94174 MiB
2026/09/04 10:41:37.614, 312.01 W, 600.00 W, 2797 MHz, 15368 MHz, 75, 12 %, 94174 MiB
2026/09/04 10:41:38.615, 442.63 W, 600.00 W, 2700 MHz, 15368 MHz, 73, 99 %, 94174 MiB
2026/09/04 10:41:39.615, 423.97 W, 600.00 W, 2745 MHz, 15368 MHz, 74, 99 %, 94174 MiB
2026/09/04 10:41:40.616, 326.18 W, 600.00 W, 2745 MHz, 15368 MHz, 72, 98 %, 94174 MiB
2026/09/04 10:41:41.617, 327.74 W, 600.00 W, 2745 MHz, 15368 MHz, 72, 99 %, 94174 MiB
2026/09/04 10:41:42.618, 324.86 W, 600.00 W, 2745 MHz, 15368 MHz, 72, 99 %, 94174 MiB
2026/09/04 10:41:43.619, 336.80 W, 600.00 W, 2737 MHz, 15368 MHz, 73, 99 %, 94174 MiB
2026/09/04 10:41:44.619, 437.04 W, 600.00 W, 2700 MHz, 15368 MHz, 77, 99 %, 94174 MiB
2026/09/04 10:41:45.620, 392.24 W, 600.00 W, 2745 MHz, 15368 MHz, 71, 99 %, 94174 MiB
2026/09/04 10:41:46.620, 329.53 W, 600.00 W, 2737 MHz, 15368 MHz, 74, 98 %, 94174 MiB
2026/09/04 10:41:47.621, 327.79 W, 600.00 W, 2745 MHz, 15368 MHz, 75, 99 %, 94174 MiB
2026/09/04 10:41:48.622, 336.63 W, 600.00 W, 2737 MHz, 15368 MHz, 74, 99 %, 94174 MiB
2026/09/04 10:41:49.622, 316.11 W, 600.00 W, 2737 MHz, 15368 MHz, 73, 99 %, 94174 MiB
2026/09/04 10:41:50.623, 430.06 W, 600.00 W, 2707 MHz, 15368 MHz, 78, 100 %, 94174 MiB
2026/09/04 10:41:51.623, 392.29 W, 600.00 W, 2767 MHz, 15368 MHz, 73, 99 %, 94174 MiB
2026/09/04 10:41:52.624, 325.87 W, 600.00 W, 2752 MHz, 15368 MHz, 74, 99 %, 94174 MiB
2026/09/04 10:41:53.625, 326.89 W, 600.00 W, 2745 MHz, 15368 MHz, 72, 98 %, 94174 MiB
2026/09/04 10:41:54.625, 322.26 W, 600.00 W, 2745 MHz, 15368 MHz, 71, 99 %, 94174 MiB
2026/09/04 10:41:55.626, 289.82 W, 600.00 W, 2820 MHz, 15368 MHz, 74, 99 %, 94174 MiB
2026/09/04 10:41:56.627, 427.76 W, 600.00 W, 2700 MHz, 15368 MHz, 77, 98 %, 94174 MiB
2026/09/04 10:41:57.628, 421.58 W, 600.00 W, 2692 MHz, 15368 MHz, 74, 99 %, 94174 MiB
2026/09/04 10:41:58.630, 331.21 W, 600.00 W, 2752 MHz, 15368 MHz, 75, 100 %, 94174 MiB
2026/09/04 10:41:59.630, 330.05 W, 600.00 W, 2737 MHz, 15368 MHz, 76, 99 %, 94174 MiB
2026/09/04 10:42:00.631, 323.82 W, 600.00 W, 2737 MHz, 15368 MHz, 74, 99 %, 94174 MiB
2026/09/04 10:42:01.631, 335.20 W, 600.00 W, 2745 MHz, 15368 MHz, 75, 99 %, 94174 MiB
2026/09/04 10:42:02.632, 317.45 W, 600.00 W, 2715 MHz, 15368 MHz, 76, 99 %, 94174 MiB
2026/09/04 10:42:03.632, 422.21 W, 600.00 W, 2707 MHz, 15368 MHz, 73, 99 %, 94174 MiB
2026/09/04 10:42:04.633, 399.13 W, 600.00 W, 2760 MHz, 15368 MHz, 74, 100 %, 94174 MiB
2026/09/04 10:42:05.634, 319.05 W, 600.00 W, 2737 MHz, 15368 MHz, 75, 99 %, 94174 MiB
2026/09/04 10:42:06.635, 327.73 W, 600.00 W, 2745 MHz, 15368 MHz, 72, 98 %, 94174 MiB
2026/09/04 10:42:07.635, 325.07 W, 600.00 W, 2745 MHz, 15368 MHz, 72, 99 %, 94174 MiB
2026/09/04 10:42:08.636, 322.54 W, 600.00 W, 2737 MHz, 15368 MHz, 70, 27 %, 94174 MiB
2026/09/04 10:42:09.636, 331.14 W, 600.00 W, 2707 MHz, 15368 MHz, 77, 99 %, 94174 MiB
2026/09/04 10:42:10.637, 416.58 W, 600.00 W, 2707 MHz, 15368 MHz, 77, 98 %, 94174 MiB
2026/09/04 10:42:11.638, 380.51 W, 600.00 W, 2767 MHz, 15368 MHz, 73, 100 %, 94174 MiB
2026/09/04 10:42:12.639, 329.73 W, 600.00 W, 2730 MHz, 15368 MHz, 74, 99 %, 94174 MiB
2026/09/04 10:42:13.640, 331.41 W, 600.00 W, 2730 MHz, 15368 MHz, 75, 99 %, 94174 MiB
2026/09/04 10:42:14.640, 325.78 W, 600.00 W, 2745 MHz, 15368 MHz, 72, 99 %, 94174 MiB
2026/09/04 10:42:15.641, 327.32 W, 600.00 W, 2760 MHz, 15368 MHz, 73, 100 %, 94174 MiB
2026/09/04 10:42:16.642, 286.79 W, 600.00 W, 2715 MHz, 15368 MHz, 72, 99 %, 94174 MiB
2026/09/04 10:42:17.643, 408.66 W, 600.00 W, 2707 MHz, 15368 MHz, 73, 99 %, 94174 MiB
2026/09/04 10:42:18.643, 391.00 W, 600.00 W, 2715 MHz, 15368 MHz, 74, 99 %, 94174 MiB
2026/09/04 10:42:19.644, 338.74 W, 600.00 W, 2760 MHz, 15368 MHz, 75, 100 %, 94174 MiB
2026/09/04 10:42:20.645, 328.78 W, 600.00 W, 2745 MHz, 15368 MHz, 75, 98 %, 94174 MiB
2026/09/04 10:42:21.646, 325.13 W, 600.00 W, 2737 MHz, 15368 MHz, 72, 99 %, 94174 MiB
2026/09/04 10:42:22.647, 325.62 W, 600.00 W, 2752 MHz, 15368 MHz, 76, 100 %, 94174 MiB
2026/09/04 10:42:23.647, 263.86 W, 600.00 W, 2812 MHz, 15368 MHz, 72, 99 %, 94174 MiB
2026/09/04 10:42:24.650, 396.29 W, 600.00 W, 2715 MHz, 15368 MHz, 75, 99 %, 94174 MiB
2026/09/04 10:42:25.651, 402.64 W, 600.00 W, 2707 MHz, 15368 MHz, 73, 99 %, 94174 MiB
2026/09/04 10:42:26.651, 351.64 W, 600.00 W, 2737 MHz, 15368 MHz, 75, 98 %, 94174 MiB
2026/09/04 10:42:27.652, 326.75 W, 600.00 W, 2760 MHz, 15368 MHz, 72, 99 %, 94174 MiB
2026/09/04 10:42:28.653, 315.42 W, 600.00 W, 2722 MHz, 15368 MHz, 71, 99 %, 94174 MiB
2026/09/04 10:42:29.654, 329.90 W, 600.00 W, 2737 MHz, 15368 MHz, 71, 99 %, 94174 MiB
2026/09/04 10:42:30.655, 326.59 W, 600.00 W, 2752 MHz, 15368 MHz, 77, 100 %, 94174 MiB
2026/09/04 10:42:31.657, 275.21 W, 600.00 W, 2745 MHz, 15368 MHz, 73, 99 %, 94174 MiB
2026/09/04 10:42:32.657, 386.83 W, 600.00 W, 2707 MHz, 15368 MHz, 72, 99 %, 94174 MiB
2026/09/04 10:42:33.658, 405.30 W, 600.00 W, 2715 MHz, 15368 MHz, 74, 99 %, 94174 MiB
2026/09/04 10:42:34.659, 351.60 W, 600.00 W, 2760 MHz, 15368 MHz, 76, 100 %, 94174 MiB
2026/09/04 10:42:35.660, 325.04 W, 600.00 W, 2730 MHz, 15368 MHz, 75, 98 %, 94174 MiB
2026/09/04 10:42:36.661, 317.52 W, 600.00 W, 2752 MHz, 15368 MHz, 74, 99 %, 94174 MiB
2026/09/04 10:42:37.662, 326.01 W, 600.00 W, 2737 MHz, 15368 MHz, 72, 99 %, 94174 MiB
2026/09/04 10:42:38.662, 314.08 W, 600.00 W, 2722 MHz, 15368 MHz, 71, 99 %, 94174 MiB
2026/09/04 10:42:39.663, 272.03 W, 600.00 W, 2745 MHz, 15368 MHz, 75, 100 %, 94174 MiB
2026/09/04 10:42:40.664, 390.05 W, 600.00 W, 2737 MHz, 15368 MHz, 73, 99 %, 94174 MiB
2026/09/04 10:42:41.664, 393.56 W, 600.00 W, 2700 MHz, 15368 MHz, 73, 99 %, 94174 MiB
2026/09/04 10:42:42.665, 358.83 W, 600.00 W, 2730 MHz, 15368 MHz, 75, 99 %, 94174 MiB
2026/09/04 10:42:43.666, 314.62 W, 600.00 W, 2760 MHz, 15368 MHz, 74, 99 %, 94174 MiB
2026/09/04 10:42:44.666, 333.87 W, 600.00 W, 2745 MHz, 15368 MHz, 72, 99 %, 94174 MiB
2026/09/04 10:42:45.667, 321.51 W, 600.00 W, 2730 MHz, 15368 MHz, 72, 99 %, 94174 MiB
2026/09/04 10:42:46.668, 329.38 W, 600.00 W, 2760 MHz, 15368 MHz, 76, 100 %, 94174 MiB
2026/09/04 10:42:47.669, 249.32 W, 600.00 W, 2812 MHz, 15368 MHz, 69, 36 %, 94174 MiB
2026/09/04 10:42:48.670, 383.57 W, 600.00 W, 2707 MHz, 15368 MHz, 75, 100 %, 94174 MiB
2026/09/04 10:42:49.670, 392.89 W, 600.00 W, 2730 MHz, 15368 MHz, 78, 99 %, 94174 MiB
2026/09/04 10:42:50.671, 375.40 W, 600.00 W, 2722 MHz, 15368 MHz, 73, 98 %, 94174 MiB
2026/09/04 10:42:51.672, 317.57 W, 600.00 W, 2730 MHz, 15368 MHz, 74, 99 %, 94174 MiB
2026/09/04 10:42:52.673, 319.33 W, 600.00 W, 2767 MHz, 15368 MHz, 75, 100 %, 94174 MiB
2026/09/04 10:42:53.674, 325.83 W, 600.00 W, 2737 MHz, 15368 MHz, 75, 98 %, 94174 MiB
2026/09/04 10:42:54.674, 316.81 W, 600.00 W, 2730 MHz, 15368 MHz, 75, 100 %, 94174 MiB
2026/09/04 10:42:55.675, 324.89 W, 600.00 W, 2760 MHz, 15368 MHz, 75, 100 %, 94174 MiB
2026/09/04 10:42:56.676, 239.22 W, 600.00 W, 2767 MHz, 15368 MHz, 73, 99 %, 94174 MiB
2026/09/04 10:42:57.676, 372.73 W, 600.00 W, 2707 MHz, 15368 MHz, 75, 100 %, 94174 MiB
2026/09/04 10:42:58.678, 387.53 W, 600.00 W, 2700 MHz, 15368 MHz, 76, 100 %, 94174 MiB
2026/09/04 10:42:59.679, 357.14 W, 600.00 W, 2737 MHz, 15368 MHz, 71, 99 %, 94174 MiB
2026/09/04 10:43:00.679, 326.98 W, 600.00 W, 2775 MHz, 15368 MHz, 77, 100 %, 94174 MiB
2026/09/04 10:43:01.680, 316.82 W, 600.00 W, 2737 MHz, 15368 MHz, 74, 98 %, 94174 MiB
2026/09/04 10:43:02.681, 317.51 W, 600.00 W, 2730 MHz, 15368 MHz, 72, 100 %, 94174 MiB
2026/09/04 10:43:03.682, 310.80 W, 600.00 W, 2737 MHz, 15368 MHz, 71, 99 %, 94174 MiB
2026/09/04 10:43:04.683, 336.75 W, 600.00 W, 2775 MHz, 15368 MHz, 78, 99 %, 94174 MiB
2026/09/04 10:43:05.684, 221.45 W, 600.00 W, 2767 MHz, 15368 MHz, 71, 99 %, 94174 MiB
2026/09/04 10:43:06.684, 392.16 W, 600.00 W, 2745 MHz, 15368 MHz, 72, 99 %, 94174 MiB
2026/09/04 10:43:07.685, 394.58 W, 600.00 W, 2730 MHz, 15368 MHz, 74, 99 %, 94174 MiB
2026/09/04 10:43:08.686, 371.93 W, 600.00 W, 2730 MHz, 15368 MHz, 71, 99 %, 94174 MiB
2026/09/04 10:43:09.687, 330.07 W, 600.00 W, 2737 MHz, 15368 MHz, 72, 100 %, 94174 MiB
2026/09/04 10:43:10.688, 322.69 W, 600.00 W, 2745 MHz, 15368 MHz, 72, 99 %, 94174 MiB
2026/09/04 10:43:11.689, 312.00 W, 600.00 W, 2767 MHz, 15368 MHz, 72, 99 %, 94174 MiB
2026/09/04 10:43:12.690, 322.25 W, 600.00 W, 2767 MHz, 15368 MHz, 75, 100 %, 94174 MiB
2026/09/04 10:43:13.691, 335.25 W, 600.00 W, 2775 MHz, 15368 MHz, 73, 100 %, 94174 MiB
2026/09/04 10:43:14.691, 252.06 W, 600.00 W, 2820 MHz, 15368 MHz, 69, 0 %, 94174 MiB
2026/09/04 10:43:15.692, 350.56 W, 600.00 W, 2745 MHz, 15368 MHz, 72, 99 %, 94174 MiB
2026/09/04 10:43:16.693, 382.09 W, 600.00 W, 2752 MHz, 15368 MHz, 78, 100 %, 94174 MiB
2026/09/04 10:43:17.693, 372.89 W, 600.00 W, 2715 MHz, 15368 MHz, 76, 100 %, 94174 MiB
2026/09/04 10:43:18.694, 341.55 W, 600.00 W, 2730 MHz, 15368 MHz, 75, 99 %, 94174 MiB
2026/09/04 10:43:19.695, 318.33 W, 600.00 W, 2722 MHz, 15368 MHz, 72, 100 %, 94174 MiB
2026/09/04 10:43:20.696, 315.26 W, 600.00 W, 2722 MHz, 15368 MHz, 74, 99 %, 94174 MiB
2026/09/04 10:43:21.696, 316.27 W, 600.00 W, 2745 MHz, 15368 MHz, 71, 99 %, 94174 MiB
2026/09/04 10:43:22.697, 309.17 W, 600.00 W, 2760 MHz, 15368 MHz, 73, 100 %, 94174 MiB
2026/09/04 10:43:23.698, 339.62 W, 600.00 W, 2775 MHz, 15368 MHz, 77, 100 %, 94174 MiB
2026/09/04 10:43:24.699, 217.63 W, 600.00 W, 2775 MHz, 15368 MHz, 77, 100 %, 94174 MiB
2026/09/04 10:43:25.700, 377.82 W, 600.00 W, 2760 MHz, 15368 MHz, 74, 99 %, 94174 MiB
2026/09/04 10:43:26.701, 361.24 W, 600.00 W, 2715 MHz, 15368 MHz, 75, 100 %, 94174 MiB
2026/09/04 10:43:27.702, 373.80 W, 600.00 W, 2707 MHz, 15368 MHz, 71, 99 %, 94174 MiB
2026/09/04 10:43:28.704, 317.17 W, 600.00 W, 2760 MHz, 15368 MHz, 73, 100 %, 94174 MiB
2026/09/04 10:43:29.704, 319.07 W, 600.00 W, 2767 MHz, 15368 MHz, 74, 100 %, 94174 MiB
2026/09/04 10:43:30.705, 310.60 W, 600.00 W, 2760 MHz, 15368 MHz, 74, 100 %, 94174 MiB
2026/09/04 10:43:31.706, 317.16 W, 600.00 W, 2767 MHz, 15368 MHz, 75, 100 %, 94174 MiB
2026/09/04 10:43:32.706, 319.14 W, 600.00 W, 2775 MHz, 15368 MHz, 75, 100 %, 94174 MiB
2026/09/04 10:43:33.708, 329.43 W, 600.00 W, 2775 MHz, 15368 MHz, 73, 100 %, 94174 MiB
2026/09/04 10:43:34.708, 213.35 W, 600.00 W, 2775 MHz, 15368 MHz, 76, 99 %, 94174 MiB
2026/09/04 10:43:35.709, 375.51 W, 600.00 W, 2760 MHz, 15368 MHz, 78, 100 %, 94174 MiB
2026/09/04 10:43:36.710, 366.30 W, 600.00 W, 2700 MHz, 15368 MHz, 73, 100 %, 94174 MiB
2026/09/04 10:43:37.711, 380.52 W, 600.00 W, 2707 MHz, 15368 MHz, 77, 99 %, 94174 MiB
2026/09/04 10:43:38.712, 327.14 W, 600.00 W, 2715 MHz, 15368 MHz, 72, 99 %, 94174 MiB
2026/09/04 10:43:39.713, 316.70 W, 600.00 W, 2715 MHz, 15368 MHz, 73, 99 %, 94174 MiB
2026/09/04 10:43:40.714, 317.17 W, 600.00 W, 2715 MHz, 15368 MHz, 73, 100 %, 94174 MiB
2026/09/04 10:43:41.715, 316.09 W, 600.00 W, 2707 MHz, 15368 MHz, 74, 99 %, 94174 MiB
2026/09/04 10:43:42.716, 316.50 W, 600.00 W, 2715 MHz, 15368 MHz, 71, 100 %, 94174 MiB
2026/09/04 10:43:43.716, 321.00 W, 600.00 W, 2715 MHz, 15368 MHz, 72, 99 %, 94174 MiB
2026/09/04 10:43:44.717, 213.04 W, 600.00 W, 2812 MHz, 15368 MHz, 69, 36 %, 94174 MiB
2026/09/04 10:43:45.718, 361.39 W, 600.00 W, 2730 MHz, 15368 MHz, 71, 99 %, 94174 MiB
2026/09/04 10:43:46.719, 361.84 W, 600.00 W, 2707 MHz, 15368 MHz, 74, 100 %, 94174 MiB
2026/09/04 10:43:47.719, 368.17 W, 600.00 W, 2715 MHz, 15368 MHz, 77, 99 %, 94174 MiB
2026/09/04 10:43:48.720, 342.49 W, 600.00 W, 2760 MHz, 15368 MHz, 71, 99 %, 94174 MiB
2026/09/04 10:43:49.721, 323.58 W, 600.00 W, 2752 MHz, 15368 MHz, 71, 99 %, 94174 MiB
2026/09/04 10:43:50.722, 322.20 W, 600.00 W, 2737 MHz, 15368 MHz, 73, 98 %, 94174 MiB
2026/09/04 10:43:51.722, 316.04 W, 600.00 W, 2715 MHz, 15368 MHz, 72, 99 %, 94174 MiB
2026/09/04 10:43:52.725, 317.83 W, 600.00 W, 2707 MHz, 15368 MHz, 72, 100 %, 94174 MiB
2026/09/04 10:43:53.726, 322.28 W, 600.00 W, 2715 MHz, 15368 MHz, 76, 100 %, 94174 MiB
2026/09/04 10:43:54.726, 302.82 W, 600.00 W, 2715 MHz, 15368 MHz, 70, 0 %, 94174 MiB
2026/09/04 10:43:55.727, 206.02 W, 600.00 W, 2767 MHz, 15368 MHz, 70, 99 %, 94174 MiB
2026/09/04 10:43:56.728, 361.23 W, 600.00 W, 2775 MHz, 15368 MHz, 77, 100 %, 94174 MiB
2026/09/04 10:43:57.729, 370.26 W, 600.00 W, 2707 MHz, 15368 MHz, 73, 99 %, 94174 MiB
2026/09/04 10:43:58.729, 354.58 W, 600.00 W, 2745 MHz, 15368 MHz, 75, 100 %, 94174 MiB
2026/09/04 10:43:59.730, 347.26 W, 600.00 W, 2767 MHz, 15368 MHz, 73, 100 %, 94174 MiB
2026/09/04 10:44:00.731, 322.72 W, 600.00 W, 2782 MHz, 15368 MHz, 75, 100 %, 94174 MiB
2026/09/04 10:44:01.732, 318.05 W, 600.00 W, 2760 MHz, 15368 MHz, 73, 100 %, 94174 MiB
2026/09/04 10:44:02.733, 315.36 W, 600.00 W, 2775 MHz, 15368 MHz, 70, 99 %, 94174 MiB
2026/09/04 10:44:03.734, 315.14 W, 600.00 W, 2745 MHz, 15368 MHz, 72, 98 %, 94174 MiB
2026/09/04 10:44:04.734, 316.86 W, 600.00 W, 2707 MHz, 15368 MHz, 71, 100 %, 94174 MiB
2026/09/04 10:44:05.735, 306.49 W, 600.00 W, 2707 MHz, 15368 MHz, 69, 0 %, 94174 MiB
2026/09/04 10:44:06.736, 205.42 W, 600.00 W, 2775 MHz, 15368 MHz, 72, 99 %, 94174 MiB
2026/09/04 10:44:07.736, 347.06 W, 600.00 W, 2745 MHz, 15368 MHz, 74, 100 %, 94174 MiB
2026/09/04 10:44:08.737, 367.35 W, 600.00 W, 2722 MHz, 15368 MHz, 72, 99 %, 94174 MiB
2026/09/04 10:44:09.738, 359.23 W, 600.00 W, 2692 MHz, 15368 MHz, 71, 99 %, 94174 MiB
2026/09/04 10:44:10.738, 331.29 W, 600.00 W, 2775 MHz, 15368 MHz, 70, 100 %, 94174 MiB
2026/09/04 10:44:11.739, 330.17 W, 600.00 W, 2745 MHz, 15368 MHz, 71, 99 %, 94174 MiB
2026/09/04 10:44:12.739, 319.36 W, 600.00 W, 2707 MHz, 15368 MHz, 74, 100 %, 94174 MiB
2026/09/04 10:44:13.740, 309.99 W, 600.00 W, 2722 MHz, 15368 MHz, 71, 99 %, 94174 MiB
2026/09/04 10:44:14.740, 319.38 W, 600.00 W, 2752 MHz, 15368 MHz, 72, 99 %, 94174 MiB
2026/09/04 10:44:15.741, 315.58 W, 600.00 W, 2782 MHz, 15368 MHz, 74, 100 %, 94174 MiB
2026/09/04 10:44:16.742, 320.34 W, 600.00 W, 2767 MHz, 15368 MHz, 73, 100 %, 94174 MiB
2026/09/04 10:44:17.742, 188.67 W, 600.00 W, 2812 MHz, 15368 MHz, 68, 0 %, 94174 MiB
2026/09/04 10:44:18.743, 329.02 W, 600.00 W, 2745 MHz, 15368 MHz, 73, 100 %, 94174 MiB
2026/09/04 10:44:19.743, 364.92 W, 600.00 W, 2767 MHz, 15368 MHz, 77, 100 %, 94174 MiB
2026/09/04 10:44:20.744, 356.54 W, 600.00 W, 2760 MHz, 15368 MHz, 73, 99 %, 94174 MiB
2026/09/04 10:44:21.744, 369.90 W, 600.00 W, 2722 MHz, 15368 MHz, 72, 99 %, 94174 MiB
2026/09/04 10:44:22.745, 326.54 W, 600.00 W, 2730 MHz, 15368 MHz, 77, 100 %, 94174 MiB
2026/09/04 10:44:23.745, 319.76 W, 600.00 W, 2760 MHz, 15368 MHz, 72, 99 %, 94174 MiB
2026/09/04 10:44:24.746, 303.06 W, 600.00 W, 2775 MHz, 15368 MHz, 74, 100 %, 94174 MiB
2026/09/04 10:44:25.747, 321.52 W, 600.00 W, 2767 MHz, 15368 MHz, 70, 99 %, 94174 MiB
2026/09/04 10:44:26.748, 317.90 W, 600.00 W, 2737 MHz, 15368 MHz, 76, 100 %, 94174 MiB
2026/09/04 10:44:27.748, 318.92 W, 600.00 W, 2760 MHz, 15368 MHz, 72, 99 %, 94174 MiB
2026/09/04 10:44:28.749, 312.74 W, 600.00 W, 2782 MHz, 15368 MHz, 74, 100 %, 94174 MiB
2026/09/04 10:44:29.749, 162.53 W, 600.00 W, 2812 MHz, 15368 MHz, 68, 27 %, 94174 MiB
2026/09/04 10:44:30.750, 324.42 W, 600.00 W, 2775 MHz, 15368 MHz, 74, 100 %, 94174 MiB
2026/09/04 10:44:31.750, 367.96 W, 600.00 W, 2737 MHz, 15368 MHz, 74, 99 %, 94174 MiB
2026/09/04 10:44:32.752, 351.46 W, 600.00 W, 2707 MHz, 15368 MHz, 77, 100 %, 94174 MiB
2026/09/04 10:44:33.753, 354.73 W, 600.00 W, 2707 MHz, 15368 MHz, 71, 99 %, 94174 MiB
2026/09/04 10:44:34.753, 327.68 W, 600.00 W, 2700 MHz, 15368 MHz, 73, 100 %, 94174 MiB
2026/09/04 10:44:35.754, 312.93 W, 600.00 W, 2737 MHz, 15368 MHz, 72, 99 %, 94174 MiB
2026/09/04 10:44:36.754, 304.65 W, 600.00 W, 2782 MHz, 15368 MHz, 74, 100 %, 94174 MiB
2026/09/04 10:44:37.755, 320.09 W, 600.00 W, 2760 MHz, 15368 MHz, 70, 99 %, 94174 MiB
2026/09/04 10:44:38.756, 308.79 W, 600.00 W, 2707 MHz, 15368 MHz, 73, 99 %, 94174 MiB
2026/09/04 10:44:39.756, 315.88 W, 600.00 W, 2752 MHz, 15368 MHz, 72, 100 %, 94174 MiB
2026/09/04 10:44:40.757, 302.51 W, 600.00 W, 2782 MHz, 15368 MHz, 73, 100 %, 94174 MiB
2026/09/04 10:44:41.757, 191.21 W, 600.00 W, 2812 MHz, 15368 MHz, 68, 11 %, 94174 MiB
2026/09/04 10:44:42.758, 334.22 W, 600.00 W, 2760 MHz, 15368 MHz, 73, 100 %, 94174 MiB
2026/09/04 10:44:43.758, 358.74 W, 600.00 W, 2775 MHz, 15368 MHz, 74, 100 %, 94174 MiB
2026/09/04 10:44:44.759, 365.79 W, 600.00 W, 2737 MHz, 15368 MHz, 73, 99 %, 94174 MiB
2026/09/04 10:44:45.759, 353.87 W, 600.00 W, 2715 MHz, 15368 MHz, 73, 99 %, 94174 MiB
2026/09/04 10:44:46.760, 328.14 W, 600.00 W, 2737 MHz, 15368 MHz, 71, 99 %, 94174 MiB
2026/09/04 10:44:47.761, 300.99 W, 600.00 W, 2782 MHz, 15368 MHz, 73, 100 %, 94174 MiB
2026/09/04 10:44:48.762, 322.99 W, 600.00 W, 2752 MHz, 15368 MHz, 73, 98 %, 94174 MiB
2026/09/04 10:44:49.762, 311.67 W, 600.00 W, 2715 MHz, 15368 MHz, 70, 99 %, 94174 MiB
2026/09/04 10:44:50.763, 304.39 W, 600.00 W, 2782 MHz, 15368 MHz, 74, 100 %, 94174 MiB
2026/09/04 10:44:51.763, 319.33 W, 600.00 W, 2767 MHz, 15368 MHz, 70, 99 %, 94174 MiB
2026/09/04 10:44:52.764, 320.43 W, 600.00 W, 2700 MHz, 15368 MHz, 76, 100 %, 94174 MiB
2026/09/04 10:44:53.764, 225.50 W, 600.00 W, 2812 MHz, 15368 MHz, 68, 0 %, 94174 MiB
2026/09/04 10:44:54.765, 258.84 W, 600.00 W, 2760 MHz, 15368 MHz, 75, 100 %, 94174 MiB
2026/09/04 10:44:55.766, 354.63 W, 600.00 W, 2745 MHz, 15368 MHz, 77, 100 %, 94174 MiB
2026/09/04 10:44:56.767, 363.02 W, 600.00 W, 2730 MHz, 15368 MHz, 73, 99 %, 94174 MiB
2026/09/04 10:44:57.768, 356.70 W, 600.00 W, 2737 MHz, 15368 MHz, 71, 99 %, 94174 MiB
2026/09/04 10:44:58.768, 345.50 W, 600.00 W, 2715 MHz, 15368 MHz, 71, 99 %, 94174 MiB
2026/09/04 10:44:59.769, 299.08 W, 600.00 W, 2782 MHz, 15368 MHz, 73, 100 %, 94174 MiB
2026/09/04 10:45:00.769, 323.08 W, 600.00 W, 2752 MHz, 15368 MHz, 74, 99 %, 94174 MiB
2026/09/04 10:45:01.770, 314.09 W, 600.00 W, 2737 MHz, 15368 MHz, 71, 99 %, 94174 MiB
2026/09/04 10:45:02.771, 293.26 W, 600.00 W, 2775 MHz, 15368 MHz, 72, 100 %, 94174 MiB
2026/09/04 10:45:03.771, 318.29 W, 600.00 W, 2730 MHz, 15368 MHz, 71, 100 %, 94174 MiB
2026/09/04 10:45:04.772, 317.90 W, 600.00 W, 2752 MHz, 15368 MHz, 71, 100 %, 94174 MiB
2026/09/04 10:45:05.773, 295.00 W, 600.00 W, 2775 MHz, 15368 MHz, 72, 100 %, 94174 MiB
2026/09/04 10:45:06.773, 194.36 W, 600.00 W, 2812 MHz, 15368 MHz, 68, 0 %, 94174 MiB
2026/09/04 10:45:07.774, 313.89 W, 600.00 W, 2685 MHz, 15368 MHz, 72, 99 %, 94174 MiB
2026/09/04 10:45:08.775, 345.62 W, 600.00 W, 2700 MHz, 15368 MHz, 72, 99 %, 94174 MiB
2026/09/04 10:45:09.775, 357.11 W, 600.00 W, 2700 MHz, 15368 MHz, 71, 99 %, 94174 MiB
2026/09/04 10:45:10.776, 348.01 W, 600.00 W, 2700 MHz, 15368 MHz, 71, 99 %, 94174 MiB
2026/09/04 10:45:11.776, 337.68 W, 600.00 W, 2715 MHz, 15368 MHz, 71, 100 %, 94174 MiB
2026/09/04 10:45:12.777, 320.87 W, 600.00 W, 2752 MHz, 15368 MHz, 73, 100 %, 94174 MiB
2026/09/04 10:45:13.777, 289.59 W, 600.00 W, 2782 MHz, 15368 MHz, 69, 99 %, 94174 MiB
2026/09/04 10:45:14.778, 306.06 W, 600.00 W, 2707 MHz, 15368 MHz, 70, 99 %, 94174 MiB
2026/09/04 10:45:15.779, 301.58 W, 600.00 W, 2782 MHz, 15368 MHz, 73, 100 %, 94174 MiB
2026/09/04 10:45:16.779, 314.90 W, 600.00 W, 2752 MHz, 15368 MHz, 71, 99 %, 94174 MiB
2026/09/04 10:45:17.780, 318.56 W, 600.00 W, 2737 MHz, 15368 MHz, 73, 99 %, 94174 MiB
2026/09/04 10:45:18.780, 295.23 W, 600.00 W, 2775 MHz, 15368 MHz, 72, 100 %, 94174 MiB
2026/09/04 10:45:19.781, 195.38 W, 600.00 W, 2812 MHz, 15368 MHz, 67, 0 %, 94174 MiB
2026/09/04 10:45:20.781, 316.88 W, 600.00 W, 2692 MHz, 15368 MHz, 73, 99 %, 94174 MiB
2026/09/04 10:45:21.782, 340.94 W, 600.00 W, 2685 MHz, 15368 MHz, 76, 100 %, 94174 MiB
2026/09/04 10:45:22.782, 341.29 W, 600.00 W, 2700 MHz, 15368 MHz, 75, 100 %, 94174 MiB
2026/09/04 10:45:23.783, 334.49 W, 600.00 W, 2707 MHz, 15368 MHz, 70, 99 %, 94174 MiB
2026/09/04 10:45:24.783, 352.08 W, 600.00 W, 2722 MHz, 15368 MHz, 73, 98 %, 94174 MiB
2026/09/04 10:45:25.784, 294.48 W, 600.00 W, 2775 MHz, 15368 MHz, 72, 100 %, 94174 MiB
2026/09/04 10:45:26.785, 317.81 W, 600.00 W, 2692 MHz, 15368 MHz, 73, 99 %, 94174 MiB
2026/09/04 10:45:27.785, 307.25 W, 600.00 W, 2775 MHz, 15368 MHz, 73, 100 %, 94174 MiB
2026/09/04 10:45:28.786, 324.56 W, 600.00 W, 2730 MHz, 15368 MHz, 73, 100 %, 94174 MiB
2026/09/04 10:45:29.787, 316.03 W, 600.00 W, 2760 MHz, 15368 MHz, 76, 100 %, 94174 MiB
2026/09/04 10:45:30.787, 311.06 W, 600.00 W, 2775 MHz, 15368 MHz, 70, 99 %, 94174 MiB
2026/09/04 10:45:31.788, 320.22 W, 600.00 W, 2715 MHz, 15368 MHz, 71, 98 %, 94174 MiB
2026/09/04 10:45:32.789, 270.92 W, 600.00 W, 2812 MHz, 15368 MHz, 72, 100 %, 94174 MiB
2026/09/04 10:45:33.789, 356.15 W, 600.00 W, 2715 MHz, 15368 MHz, 74, 100 %, 94174 MiB
2026/09/04 10:45:34.790, 267.72 W, 600.00 W, 2767 MHz, 15368 MHz, 69, 100 %, 94174 MiB
2026/09/04 10:45:35.790, 258.54 W, 600.00 W, 2760 MHz, 15368 MHz, 71, 99 %, 94174 MiB
2026/09/04 10:45:36.791, 261.39 W, 600.00 W, 2767 MHz, 15368 MHz, 70, 99 %, 94174 MiB
2026/09/04 10:45:37.791, 193.49 W, 600.00 W, 2812 MHz, 15368 MHz, 68, 32 %, 94174 MiB
2026/09/04 10:45:38.792, 172.70 W, 600.00 W, 2812 MHz, 15368 MHz, 67, 29 %, 94174 MiB
2026/09/04 10:45:39.792, 165.99 W, 600.00 W, 2737 MHz, 15368 MHz, 67, 27 %, 94174 MiB
2026/09/04 10:45:40.793, 162.93 W, 600.00 W, 2737 MHz, 15368 MHz, 67, 27 %, 94174 MiB
2026/09/04 10:45:41.793, 162.67 W, 600.00 W, 2737 MHz, 15368 MHz, 66, 27 %, 94174 MiB
2026/09/04 10:45:42.794, 162.74 W, 600.00 W, 2745 MHz, 15368 MHz, 66, 27 %, 94174 MiB
2026/09/04 10:45:43.794, 162.15 W, 600.00 W, 2745 MHz, 15368 MHz, 66, 26 %, 94174 MiB
2026/09/04 10:45:44.795, 161.92 W, 600.00 W, 2745 MHz, 15368 MHz, 66, 29 %, 94174 MiB
2026/09/04 10:45:45.796, 162.81 W, 600.00 W, 2745 MHz, 15368 MHz, 66, 32 %, 94174 MiB
2026/09/04 10:45:46.797, 161.75 W, 600.00 W, 2745 MHz, 15368 MHz, 66, 33 %, 94174 MiB
2026/09/04 10:45:47.797, 161.77 W, 600.00 W, 2737 MHz, 15368 MHz, 65, 33 %, 94174 MiB
2026/09/04 10:45:48.798, 161.95 W, 600.00 W, 2745 MHz, 15368 MHz, 65, 28 %, 69328 MiB
2026/09/04 10:45:49.872, 124.89 W, 600.00 W, 2610 MHz, 15368 MHz, 64, 0 %, 67738 MiB
2026/09/04 10:45:50.873, 107.47 W, 600.00 W, 2610 MHz, 15368 MHz, 63, 0 %, 67736 MiB
2026/09/04 10:45:51.873, 106.14 W, 600.00 W, 2610 MHz, 15368 MHz, 63, 0 %, 67736 MiB
2026/09/04 10:45:52.874, 105.23 W, 600.00 W, 2610 MHz, 15368 MHz, 63, 0 %, 41 MiB
2026/09/04 10:45:53.875, 121.24 W, 600.00 W, 2827 MHz, 16004 MHz, 63, 0 %, 41 MiB
2026/09/04 10:45:54.875, 123.64 W, 600.00 W, 2827 MHz, 15368 MHz, 63, 0 %, 596 MiB
2026/09/04 10:45:55.876, 115.13 W, 600.00 W, 2610 MHz, 15368 MHz, 62, 0 %, 596 MiB
2026/09/04 10:45:56.876, 104.14 W, 600.00 W, 2610 MHz, 15368 MHz, 62, 0 %, 596 MiB
2026/09/04 10:45:57.877, 104.12 W, 600.00 W, 2610 MHz, 15368 MHz, 62, 0 %, 596 MiB
2026/09/04 10:45:58.878, 103.82 W, 600.00 W, 2610 MHz, 15368 MHz, 61, 0 %, 596 MiB
2026/09/04 10:45:59.878, 103.68 W, 600.00 W, 2610 MHz, 15368 MHz, 61, 0 %, 596 MiB
2026/09/04 10:46:00.879, 103.66 W, 600.00 W, 2610 MHz, 15368 MHz, 61, 0 %, 596 MiB
2026/09/04 10:46:01.879, 103.03 W, 600.00 W, 2610 MHz, 15368 MHz, 61, 0 %, 596 MiB
2026/09/04 10:46:02.880, 102.86 W, 600.00 W, 2610 MHz, 15368 MHz, 61, 0 %, 596 MiB
2026/09/04 10:46:03.880, 103.15 W, 600.00 W, 2610 MHz, 15368 MHz, 60, 0 %, 596 MiB
2026/09/04 10:46:04.881, 103.47 W, 600.00 W, 2610 MHz, 15368 MHz, 60, 0 %, 606 MiB
2026/09/04 10:46:06.476, 104.35 W, 600.00 W, 2610 MHz, 15368 MHz, 60, 0 %, 77050 MiB
2026/09/04 10:46:07.477, 103.06 W, 600.00 W, 2610 MHz, 15368 MHz, 60, 0 %, 77050 MiB
2026/09/04 10:46:08.477, 102.18 W, 600.00 W, 2610 MHz, 15368 MHz, 60, 0 %, 77050 MiB
2026/09/04 10:46:09.478, 101.77 W, 600.00 W, 2610 MHz, 15368 MHz, 59, 0 %, 77050 MiB
2026/09/04 10:46:10.478, 101.25 W, 600.00 W, 2610 MHz, 15368 MHz, 59, 0 %, 77050 MiB
2026/09/04 10:46:11.479, 107.28 W, 600.00 W, 2827 MHz, 15368 MHz, 60, 100 %, 77050 MiB
2026/09/04 10:46:12.480, 130.15 W, 600.00 W, 2827 MHz, 15368 MHz, 60, 100 %, 77050 MiB
2026/09/04 10:46:13.480, 125.41 W, 600.00 W, 2827 MHz, 15368 MHz, 59, 14 %, 77050 MiB
2026/09/04 10:46:14.481, 123.97 W, 600.00 W, 2827 MHz, 15368 MHz, 59, 90 %, 77050 MiB
2026/09/04 10:46:15.482, 115.75 W, 600.00 W, 2827 MHz, 15368 MHz, 59, 0 %, 77050 MiB
2026/09/04 10:46:16.482, 111.39 W, 600.00 W, 2775 MHz, 15368 MHz, 59, 0 %, 77050 MiB
2026/09/04 10:46:17.483, 100.18 W, 600.00 W, 2610 MHz, 15368 MHz, 58, 0 %, 77052 MiB
2026/09/04 10:46:18.561, 102.36 W, 600.00 W, 2610 MHz, 15368 MHz, 58, 0 %, 87852 MiB
2026/09/04 10:46:19.561, 101.65 W, 600.00 W, 2610 MHz, 15368 MHz, 58, 0 %, 87878 MiB
2026/09/04 10:46:20.563, 117.30 W, 600.00 W, 2617 MHz, 15368 MHz, 58, 1 %, 88084 MiB
2026/09/04 10:46:21.563, 106.79 W, 600.00 W, 2610 MHz, 15368 MHz, 58, 16 %, 88118 MiB
2026/09/04 10:46:22.564, 106.08 W, 600.00 W, 2610 MHz, 15368 MHz, 58, 0 %, 88118 MiB
2026/09/04 10:46:23.565, 100.81 W, 600.00 W, 2610 MHz, 15368 MHz, 58, 0 %, 88118 MiB
2026/09/04 10:46:24.566, 100.11 W, 600.00 W, 2610 MHz, 15368 MHz, 57, 6 %, 88118 MiB
2026/09/04 10:46:25.567, 115.95 W, 600.00 W, 2610 MHz, 15368 MHz, 64, 39 %, 88148 MiB
2026/09/04 10:46:26.567, 172.36 W, 600.00 W, 2827 MHz, 15368 MHz, 58, 6 %, 88156 MiB
2026/09/04 10:46:27.568, 123.89 W, 600.00 W, 2827 MHz, 15368 MHz, 58, 3 %, 88174 MiB
2026/09/04 10:46:28.569, 158.40 W, 600.00 W, 2752 MHz, 15368 MHz, 59, 23 %, 88198 MiB
2026/09/04 10:46:29.569, 164.90 W, 600.00 W, 2752 MHz, 15368 MHz, 59, 18 %, 88198 MiB
2026/09/04 10:46:30.570, 163.94 W, 600.00 W, 2752 MHz, 15368 MHz, 59, 22 %, 88198 MiB
2026/09/04 10:46:31.571, 164.10 W, 600.00 W, 2752 MHz, 15368 MHz, 59, 23 %, 88198 MiB
2026/09/04 10:46:32.571, 164.97 W, 600.00 W, 2752 MHz, 15368 MHz, 59, 23 %, 88198 MiB
2026/09/04 10:46:33.572, 164.50 W, 600.00 W, 2752 MHz, 15368 MHz, 59, 23 %, 88198 MiB
2026/09/04 10:46:34.573, 164.15 W, 600.00 W, 2752 MHz, 15368 MHz, 59, 19 %, 88198 MiB
2026/09/04 10:46:35.573, 163.12 W, 600.00 W, 2752 MHz, 15368 MHz, 58, 22 %, 88212 MiB
2026/09/04 10:46:36.574, 126.32 W, 600.00 W, 2610 MHz, 15368 MHz, 57, 6 %, 88212 MiB
2026/09/04 10:46:37.575, 239.60 W, 600.00 W, 2722 MHz, 15368 MHz, 67, 97 %, 89442 MiB
2026/09/04 10:46:38.576, 505.92 W, 600.00 W, 2685 MHz, 15368 MHz, 67, 91 %, 89460 MiB
2026/09/04 10:46:39.577, 313.06 W, 600.00 W, 2760 MHz, 15368 MHz, 64, 91 %, 89506 MiB
2026/09/04 10:46:40.578, 316.18 W, 600.00 W, 2760 MHz, 15368 MHz, 65, 98 %, 89546 MiB
2026/09/04 10:46:41.578, 407.37 W, 600.00 W, 2700 MHz, 15368 MHz, 69, 98 %, 89556 MiB
2026/09/04 10:46:42.579, 487.76 W, 600.00 W, 2715 MHz, 15368 MHz, 68, 91 %, 89576 MiB
2026/09/04 10:46:43.580, 315.63 W, 600.00 W, 2752 MHz, 15368 MHz, 64, 92 %, 89622 MiB
2026/09/04 10:46:44.580, 317.78 W, 600.00 W, 2752 MHz, 15368 MHz, 65, 91 %, 89666 MiB
2026/09/04 10:46:45.581, 410.82 W, 600.00 W, 2685 MHz, 15368 MHz, 71, 98 %, 89670 MiB
2026/09/04 10:46:46.582, 498.43 W, 600.00 W, 2707 MHz, 15368 MHz, 69, 95 %, 89670 MiB
2026/09/04 10:46:47.582, 333.97 W, 600.00 W, 2752 MHz, 15368 MHz, 66, 95 %, 89672 MiB
2026/09/04 10:46:48.583, 331.54 W, 600.00 W, 2752 MHz, 15368 MHz, 67, 95 %, 89672 MiB
2026/09/04 10:46:49.585, 407.44 W, 600.00 W, 2677 MHz, 15368 MHz, 72, 98 %, 89674 MiB
2026/09/04 10:46:50.586, 515.41 W, 600.00 W, 2685 MHz, 15368 MHz, 67, 91 %, 89698 MiB
2026/09/04 10:46:51.586, 334.57 W, 600.00 W, 2745 MHz, 15368 MHz, 68, 90 %, 89746 MiB
2026/09/04 10:46:52.587, 325.00 W, 600.00 W, 2752 MHz, 15368 MHz, 70, 89 %, 89788 MiB
2026/09/04 10:46:53.587, 275.72 W, 600.00 W, 2812 MHz, 15368 MHz, 64, 27 %, 89828 MiB
2026/09/04 10:46:54.588, 177.30 W, 600.00 W, 2812 MHz, 15368 MHz, 63, 19 %, 89828 MiB
2026/09/04 10:46:55.588, 172.66 W, 600.00 W, 2752 MHz, 15368 MHz, 63, 22 %, 89828 MiB
2026/09/04 10:46:56.589, 169.27 W, 600.00 W, 2752 MHz, 15368 MHz, 62, 24 %, 89828 MiB
2026/09/04 10:46:57.589, 166.08 W, 600.00 W, 2745 MHz, 15368 MHz, 62, 24 %, 89838 MiB
2026/09/04 10:46:58.590, 168.38 W, 600.00 W, 2752 MHz, 15368 MHz, 62, 24 %, 89838 MiB
2026/09/04 10:46:59.590, 169.45 W, 600.00 W, 2752 MHz, 15368 MHz, 62, 25 %, 89838 MiB
2026/09/04 10:47:00.591, 166.80 W, 600.00 W, 2752 MHz, 15368 MHz, 62, 24 %, 89838 MiB
2026/09/04 10:47:01.592, 166.46 W, 600.00 W, 2745 MHz, 15368 MHz, 62, 24 %, 89838 MiB
2026/09/04 10:47:02.592, 143.50 W, 600.00 W, 2610 MHz, 15368 MHz, 60, 8 %, 89838 MiB
2026/09/04 10:47:03.593, 139.47 W, 600.00 W, 2610 MHz, 15368 MHz, 67, 99 %, 89838 MiB
2026/09/04 10:47:04.593, 526.31 W, 600.00 W, 2677 MHz, 15368 MHz, 71, 98 %, 89838 MiB
2026/09/04 10:47:05.594, 354.02 W, 600.00 W, 2752 MHz, 15368 MHz, 67, 98 %, 89838 MiB
2026/09/04 10:47:06.594, 324.65 W, 600.00 W, 2752 MHz, 15368 MHz, 68, 98 %, 89838 MiB
2026/09/04 10:47:07.595, 400.13 W, 600.00 W, 2715 MHz, 15368 MHz, 73, 98 %, 89838 MiB
2026/09/04 10:47:08.596, 515.46 W, 600.00 W, 2677 MHz, 15368 MHz, 69, 98 %, 89838 MiB
2026/09/04 10:47:09.596, 325.27 W, 600.00 W, 2752 MHz, 15368 MHz, 68, 98 %, 89838 MiB
2026/09/04 10:47:10.597, 328.18 W, 600.00 W, 2752 MHz, 15368 MHz, 68, 95 %, 89838 MiB
2026/09/04 10:47:11.598, 426.35 W, 600.00 W, 2670 MHz, 15368 MHz, 73, 98 %, 89838 MiB
2026/09/04 10:47:12.599, 507.99 W, 600.00 W, 2700 MHz, 15368 MHz, 71, 98 %, 89838 MiB
2026/09/04 10:47:13.600, 342.80 W, 600.00 W, 2745 MHz, 15368 MHz, 68, 98 %, 89838 MiB
2026/09/04 10:47:14.601, 347.75 W, 600.00 W, 2737 MHz, 15368 MHz, 72, 99 %, 89838 MiB
2026/09/04 10:47:15.601, 427.40 W, 600.00 W, 2670 MHz, 15368 MHz, 74, 98 %, 89838 MiB
2026/09/04 10:47:16.602, 506.07 W, 600.00 W, 2692 MHz, 15368 MHz, 71, 98 %, 89838 MiB
2026/09/04 10:47:17.602, 341.45 W, 600.00 W, 2745 MHz, 15368 MHz, 69, 98 %, 89838 MiB
2026/09/04 10:47:18.603, 341.69 W, 600.00 W, 2745 MHz, 15368 MHz, 69, 98 %, 89838 MiB
2026/09/04 10:47:19.604, 252.64 W, 600.00 W, 2812 MHz, 15368 MHz, 66, 24 %, 89838 MiB
2026/09/04 10:47:20.605, 179.00 W, 600.00 W, 2812 MHz, 15368 MHz, 65, 24 %, 89838 MiB
2026/09/04 10:47:21.606, 172.53 W, 600.00 W, 2737 MHz, 15368 MHz, 65, 24 %, 89838 MiB
2026/09/04 10:47:22.606, 169.94 W, 600.00 W, 2737 MHz, 15368 MHz, 64, 20 %, 89838 MiB
2026/09/04 10:47:23.607, 168.83 W, 600.00 W, 2737 MHz, 15368 MHz, 64, 24 %, 89838 MiB
2026/09/04 10:47:24.608, 168.80 W, 600.00 W, 2737 MHz, 15368 MHz, 64, 18 %, 89838 MiB
2026/09/04 10:47:25.609, 169.91 W, 600.00 W, 2745 MHz, 15368 MHz, 64, 21 %, 89838 MiB
2026/09/04 10:47:26.609, 169.86 W, 600.00 W, 2745 MHz, 15368 MHz, 64, 24 %, 89838 MiB
2026/09/04 10:47:27.610, 169.88 W, 600.00 W, 2737 MHz, 15368 MHz, 64, 25 %, 89838 MiB
2026/09/04 10:47:28.610, 129.29 W, 600.00 W, 2610 MHz, 15368 MHz, 62, 9 %, 89838 MiB
2026/09/04 10:47:29.611, 178.22 W, 600.00 W, 2655 MHz, 15368 MHz, 71, 99 %, 89838 MiB
2026/09/04 10:47:30.611, 538.88 W, 600.00 W, 2670 MHz, 15368 MHz, 74, 98 %, 89838 MiB
2026/09/04 10:47:31.612, 350.47 W, 600.00 W, 2745 MHz, 15368 MHz, 67, 98 %, 89838 MiB
2026/09/04 10:47:32.613, 334.79 W, 600.00 W, 2745 MHz, 15368 MHz, 69, 98 %, 89838 MiB
2026/09/04 10:47:33.613, 412.88 W, 600.00 W, 2692 MHz, 15368 MHz, 73, 98 %, 89838 MiB
2026/09/04 10:47:34.614, 501.95 W, 600.00 W, 2700 MHz, 15368 MHz, 71, 98 %, 89838 MiB
2026/09/04 10:47:35.615, 339.37 W, 600.00 W, 2737 MHz, 15368 MHz, 72, 99 %, 89838 MiB
2026/09/04 10:47:36.615, 342.24 W, 600.00 W, 2752 MHz, 15368 MHz, 71, 98 %, 89838 MiB
2026/09/04 10:47:37.616, 461.33 W, 600.00 W, 2677 MHz, 15368 MHz, 75, 98 %, 89838 MiB
2026/09/04 10:47:38.616, 467.85 W, 600.00 W, 2745 MHz, 15368 MHz, 71, 99 %, 89838 MiB
2026/09/04 10:47:39.617, 349.36 W, 600.00 W, 2730 MHz, 15368 MHz, 71, 99 %, 89838 MiB
2026/09/04 10:47:40.617, 344.89 W, 600.00 W, 2745 MHz, 15368 MHz, 72, 98 %, 89838 MiB
2026/09/04 10:47:41.618, 468.32 W, 600.00 W, 2662 MHz, 15368 MHz, 76, 98 %, 89838 MiB
2026/09/04 10:47:42.618, 480.40 W, 600.00 W, 2737 MHz, 15368 MHz, 70, 99 %, 89838 MiB
2026/09/04 10:47:43.619, 349.99 W, 600.00 W, 2737 MHz, 15368 MHz, 70, 99 %, 89838 MiB
2026/09/04 10:47:44.620, 354.99 W, 600.00 W, 2737 MHz, 15368 MHz, 70, 98 %, 89838 MiB
2026/09/04 10:47:45.620, 435.60 W, 600.00 W, 2662 MHz, 15368 MHz, 77, 99 %, 89838 MiB
2026/09/04 10:47:46.621, 498.76 W, 600.00 W, 2692 MHz, 15368 MHz, 71, 98 %, 89838 MiB
2026/09/04 10:47:47.622, 352.06 W, 600.00 W, 2737 MHz, 15368 MHz, 70, 98 %, 89838 MiB
2026/09/04 10:47:48.622, 348.82 W, 600.00 W, 2730 MHz, 15368 MHz, 71, 98 %, 89838 MiB
2026/09/04 10:47:49.623, 412.02 W, 600.00 W, 2685 MHz, 15368 MHz, 76, 98 %, 89838 MiB
2026/09/04 10:47:50.624, 549.18 W, 600.00 W, 2655 MHz, 15368 MHz, 73, 98 %, 89838 MiB
2026/09/04 10:47:51.624, 359.60 W, 600.00 W, 2730 MHz, 15368 MHz, 73, 98 %, 89838 MiB
2026/09/04 10:47:52.626, 356.99 W, 600.00 W, 2737 MHz, 15368 MHz, 71, 98 %, 89838 MiB
2026/09/04 10:47:53.627, 359.99 W, 600.00 W, 2782 MHz, 15368 MHz, 74, 99 %, 89838 MiB
2026/09/04 10:47:54.627, 546.78 W, 600.00 W, 2662 MHz, 15368 MHz, 78, 99 %, 89838 MiB
2026/09/04 10:47:55.628, 429.65 W, 600.00 W, 2730 MHz, 15368 MHz, 75, 99 %, 89838 MiB
2026/09/04 10:47:56.628, 371.57 W, 600.00 W, 2730 MHz, 15368 MHz, 76, 99 %, 89838 MiB
2026/09/04 10:47:57.629, 369.85 W, 600.00 W, 2730 MHz, 15368 MHz, 76, 99 %, 89838 MiB
2026/09/04 10:47:58.629, 423.94 W, 600.00 W, 2670 MHz, 15368 MHz, 78, 99 %, 89838 MiB
2026/09/04 10:47:59.630, 536.24 W, 600.00 W, 2655 MHz, 15368 MHz, 76, 99 %, 89838 MiB
2026/09/04 10:48:00.631, 362.51 W, 600.00 W, 2722 MHz, 15368 MHz, 74, 98 %, 89838 MiB
2026/09/04 10:48:01.632, 371.41 W, 600.00 W, 2730 MHz, 15368 MHz, 76, 98 %, 89838 MiB
2026/09/04 10:48:02.632, 322.24 W, 600.00 W, 2797 MHz, 15368 MHz, 74, 65 %, 89838 MiB
2026/09/04 10:48:03.633, 521.92 W, 600.00 W, 2655 MHz, 15368 MHz, 79, 99 %, 89838 MiB
2026/09/04 10:48:04.633, 481.92 W, 600.00 W, 2722 MHz, 15368 MHz, 77, 99 %, 89838 MiB
2026/09/04 10:48:05.634, 355.78 W, 600.00 W, 2730 MHz, 15368 MHz, 73, 98 %, 89838 MiB
2026/09/04 10:48:06.634, 370.86 W, 600.00 W, 2722 MHz, 15368 MHz, 76, 98 %, 89838 MiB
2026/09/04 10:48:07.635, 348.19 W, 600.00 W, 2767 MHz, 15368 MHz, 78, 99 %, 89838 MiB
2026/09/04 10:48:08.636, 547.91 W, 600.00 W, 2647 MHz, 15368 MHz, 79, 98 %, 89838 MiB
2026/09/04 10:48:09.636, 440.97 W, 600.00 W, 2730 MHz, 15368 MHz, 73, 98 %, 89838 MiB
2026/09/04 10:48:10.637, 374.00 W, 600.00 W, 2730 MHz, 15368 MHz, 75, 99 %, 89838 MiB
2026/09/04 10:48:11.637, 374.79 W, 600.00 W, 2715 MHz, 15368 MHz, 77, 99 %, 89838 MiB
2026/09/04 10:48:12.638, 352.84 W, 600.00 W, 2707 MHz, 15368 MHz, 78, 98 %, 89838 MiB
2026/09/04 10:48:13.639, 553.95 W, 600.00 W, 2647 MHz, 15368 MHz, 80, 99 %, 89838 MiB
2026/09/04 10:48:14.639, 437.43 W, 600.00 W, 2722 MHz, 15368 MHz, 74, 99 %, 89838 MiB
2026/09/04 10:48:15.640, 375.74 W, 600.00 W, 2730 MHz, 15368 MHz, 74, 99 %, 89838 MiB
2026/09/04 10:48:16.640, 383.14 W, 600.00 W, 2722 MHz, 15368 MHz, 77, 99 %, 89838 MiB
2026/09/04 10:48:17.641, 342.62 W, 600.00 W, 2745 MHz, 15368 MHz, 79, 99 %, 89838 MiB
2026/09/04 10:48:18.642, 548.32 W, 600.00 W, 2647 MHz, 15368 MHz, 80, 99 %, 89838 MiB
2026/09/04 10:48:19.642, 465.86 W, 600.00 W, 2737 MHz, 15368 MHz, 76, 99 %, 89838 MiB
2026/09/04 10:48:20.643, 374.78 W, 600.00 W, 2715 MHz, 15368 MHz, 74, 98 %, 89838 MiB
2026/09/04 10:48:21.643, 377.66 W, 600.00 W, 2737 MHz, 15368 MHz, 76, 99 %, 89838 MiB
2026/09/04 10:48:22.644, 315.80 W, 600.00 W, 2820 MHz, 15368 MHz, 77, 99 %, 89838 MiB
2026/09/04 10:48:23.645, 536.24 W, 600.00 W, 2640 MHz, 15368 MHz, 79, 99 %, 89838 MiB
2026/09/04 10:48:24.646, 506.20 W, 600.00 W, 2677 MHz, 15368 MHz, 77, 98 %, 89838 MiB
2026/09/04 10:48:25.647, 378.02 W, 600.00 W, 2722 MHz, 15368 MHz, 77, 98 %, 89838 MiB
2026/09/04 10:48:26.648, 387.57 W, 600.00 W, 2745 MHz, 15368 MHz, 76, 99 %, 89838 MiB
2026/09/04 10:48:27.649, 355.32 W, 600.00 W, 2730 MHz, 15368 MHz, 72, 0 %, 89838 MiB
2026/09/04 10:48:28.650, 408.48 W, 600.00 W, 2662 MHz, 15368 MHz, 79, 99 %, 89838 MiB
2026/09/04 10:48:29.651, 552.60 W, 600.00 W, 2640 MHz, 15368 MHz, 80, 98 %, 89838 MiB
2026/09/04 10:48:30.652, 407.26 W, 600.00 W, 2707 MHz, 15368 MHz, 79, 98 %, 89838 MiB
2026/09/04 10:48:31.652, 379.50 W, 600.00 W, 2707 MHz, 15368 MHz, 77, 99 %, 89838 MiB
2026/09/04 10:48:32.653, 384.39 W, 600.00 W, 2730 MHz, 15368 MHz, 75, 99 %, 89838 MiB
2026/09/04 10:48:33.653, 328.67 W, 600.00 W, 2745 MHz, 15368 MHz, 79, 100 %, 89838 MiB
2026/09/04 10:48:34.654, 541.15 W, 600.00 W, 2640 MHz, 15368 MHz, 81, 98 %, 89838 MiB
2026/09/04 10:48:35.654, 501.88 W, 600.00 W, 2692 MHz, 15368 MHz, 80, 98 %, 89838 MiB
2026/09/04 10:48:36.655, 376.66 W, 600.00 W, 2715 MHz, 15368 MHz, 75, 99 %, 89838 MiB
2026/09/04 10:48:37.656, 395.03 W, 600.00 W, 2722 MHz, 15368 MHz, 78, 99 %, 89838 MiB
2026/09/04 10:48:38.657, 393.81 W, 600.00 W, 2707 MHz, 15368 MHz, 74, 63 %, 89838 MiB
2026/09/04 10:48:39.657, 423.85 W, 600.00 W, 2647 MHz, 15368 MHz, 81, 99 %, 89838 MiB
2026/09/04 10:48:40.658, 447.28 W, 600.00 W, 2730 MHz, 15368 MHz, 78, 95 %, 89838 MiB
2026/09/04 10:48:41.658, 336.75 W, 600.00 W, 2722 MHz, 15368 MHz, 79, 95 %, 89838 MiB
2026/09/04 10:48:42.659, 341.27 W, 600.00 W, 2730 MHz, 15368 MHz, 75, 95 %, 89838 MiB
2026/09/04 10:48:43.659, 227.51 W, 600.00 W, 2812 MHz, 15368 MHz, 72, 19 %, 89838 MiB
2026/09/04 10:48:44.660, 187.26 W, 600.00 W, 2812 MHz, 15368 MHz, 72, 25 %, 89838 MiB
2026/09/04 10:48:45.660, 180.00 W, 600.00 W, 2737 MHz, 15368 MHz, 71, 25 %, 89838 MiB
2026/09/04 10:48:46.661, 179.81 W, 600.00 W, 2737 MHz, 15368 MHz, 70, 19 %, 89838 MiB
2026/09/04 10:48:47.662, 178.44 W, 600.00 W, 2737 MHz, 15368 MHz, 70, 23 %, 89838 MiB
2026/09/04 10:48:48.662, 178.43 W, 600.00 W, 2737 MHz, 15368 MHz, 70, 24 %, 89838 MiB
2026/09/04 10:48:49.663, 180.15 W, 600.00 W, 2737 MHz, 15368 MHz, 69, 25 %, 89838 MiB
2026/09/04 10:48:50.664, 178.39 W, 600.00 W, 2737 MHz, 15368 MHz, 69, 24 %, 89838 MiB
2026/09/04 10:48:51.665, 177.43 W, 600.00 W, 2737 MHz, 15368 MHz, 69, 24 %, 89838 MiB
2026/09/04 10:48:52.665, 146.60 W, 600.00 W, 2610 MHz, 15368 MHz, 67, 9 %, 89838 MiB
2026/09/04 10:48:53.666, 131.69 W, 600.00 W, 2610 MHz, 15368 MHz, 72, 69 %, 89838 MiB
2026/09/04 10:48:54.666, 542.33 W, 600.00 W, 2655 MHz, 15368 MHz, 77, 98 %, 89838 MiB
2026/09/04 10:48:55.667, 389.97 W, 600.00 W, 2745 MHz, 15368 MHz, 72, 99 %, 89838 MiB
2026/09/04 10:48:56.667, 339.56 W, 600.00 W, 2745 MHz, 15368 MHz, 72, 98 %, 89838 MiB
2026/09/04 10:48:57.668, 389.77 W, 600.00 W, 2730 MHz, 15368 MHz, 78, 98 %, 89838 MiB
2026/09/04 10:48:58.669, 534.55 W, 600.00 W, 2670 MHz, 15368 MHz, 73, 98 %, 89838 MiB
2026/09/04 10:48:59.669, 349.31 W, 600.00 W, 2730 MHz, 15368 MHz, 75, 98 %, 89838 MiB
2026/09/04 10:49:00.670, 342.72 W, 600.00 W, 2745 MHz, 15368 MHz, 72, 98 %, 89838 MiB
2026/09/04 10:49:01.671, 433.92 W, 600.00 W, 2662 MHz, 15368 MHz, 79, 98 %, 89838 MiB
2026/09/04 10:49:02.671, 519.94 W, 600.00 W, 2685 MHz, 15368 MHz, 77, 98 %, 89838 MiB
2026/09/04 10:49:03.672, 348.70 W, 600.00 W, 2730 MHz, 15368 MHz, 75, 98 %, 89838 MiB
2026/09/04 10:49:04.672, 363.34 W, 600.00 W, 2730 MHz, 15368 MHz, 78, 98 %, 89838 MiB
2026/09/04 10:49:05.673, 440.83 W, 600.00 W, 2655 MHz, 15368 MHz, 80, 99 %, 89838 MiB
2026/09/04 10:49:06.673, 517.98 W, 600.00 W, 2677 MHz, 15368 MHz, 78, 98 %, 89838 MiB
2026/09/04 10:49:07.674, 351.93 W, 600.00 W, 2730 MHz, 15368 MHz, 73, 99 %, 89838 MiB
2026/09/04 10:49:08.675, 357.37 W, 600.00 W, 2730 MHz, 15368 MHz, 73, 98 %, 89838 MiB
2026/09/04 10:49:09.675, 417.93 W, 600.00 W, 2655 MHz, 15368 MHz, 80, 98 %, 89838 MiB
2026/09/04 10:49:10.676, 541.90 W, 600.00 W, 2640 MHz, 15368 MHz, 78, 99 %, 89838 MiB
2026/09/04 10:49:11.676, 366.83 W, 600.00 W, 2722 MHz, 15368 MHz, 78, 98 %, 89838 MiB
2026/09/04 10:49:12.677, 358.66 W, 600.00 W, 2730 MHz, 15368 MHz, 75, 99 %, 89838 MiB
2026/09/04 10:49:13.678, 383.21 W, 600.00 W, 2737 MHz, 15368 MHz, 78, 98 %, 89838 MiB
2026/09/04 10:49:14.678, 570.37 W, 600.00 W, 2640 MHz, 15368 MHz, 81, 99 %, 89838 MiB
2026/09/04 10:49:15.679, 410.42 W, 600.00 W, 2730 MHz, 15368 MHz, 80, 99 %, 89838 MiB
2026/09/04 10:49:16.679, 364.77 W, 600.00 W, 2730 MHz, 15368 MHz, 76, 99 %, 89838 MiB
2026/09/04 10:49:17.680, 337.35 W, 600.00 W, 2767 MHz, 15368 MHz, 77, 67 %, 89838 MiB
2026/09/04 10:49:18.681, 530.52 W, 600.00 W, 2647 MHz, 15368 MHz, 81, 98 %, 89838 MiB
2026/09/04 10:49:19.682, 468.65 W, 600.00 W, 2730 MHz, 15368 MHz, 79, 98 %, 89838 MiB
2026/09/04 10:49:20.683, 369.06 W, 600.00 W, 2730 MHz, 15368 MHz, 77, 98 %, 89838 MiB
2026/09/04 10:49:21.684, 374.61 W, 600.00 W, 2730 MHz, 15368 MHz, 75, 98 %, 89838 MiB
2026/09/04 10:49:22.684, 409.13 W, 600.00 W, 2647 MHz, 15368 MHz, 81, 99 %, 89838 MiB
2026/09/04 10:49:23.685, 564.04 W, 600.00 W, 2647 MHz, 15368 MHz, 82, 99 %, 89838 MiB
2026/09/04 10:49:24.685, 381.60 W, 600.00 W, 2722 MHz, 15368 MHz, 76, 99 %, 89838 MiB
2026/09/04 10:49:25.686, 384.70 W, 600.00 W, 2722 MHz, 15368 MHz, 79, 99 %, 89838 MiB
2026/09/04 10:49:26.686, 339.32 W, 600.00 W, 2737 MHz, 15368 MHz, 72, 0 %, 89838 MiB
2026/09/04 10:49:27.687, 471.19 W, 600.00 W, 2655 MHz, 15368 MHz, 82, 99 %, 89838 MiB
2026/09/04 10:49:28.688, 512.31 W, 600.00 W, 2685 MHz, 15368 MHz, 80, 98 %, 89838 MiB
2026/09/04 10:49:29.689, 375.30 W, 600.00 W, 2730 MHz, 15368 MHz, 75, 99 %, 89838 MiB
2026/09/04 10:49:30.689, 384.12 W, 600.00 W, 2722 MHz, 15368 MHz, 79, 99 %, 89838 MiB
2026/09/04 10:49:31.690, 336.18 W, 600.00 W, 2805 MHz, 15368 MHz, 80, 99 %, 89838 MiB
2026/09/04 10:49:32.690, 542.88 W, 600.00 W, 2640 MHz, 15368 MHz, 81, 99 %, 89838 MiB
2026/09/04 10:49:33.692, 475.91 W, 600.00 W, 2722 MHz, 15368 MHz, 76, 100 %, 89838 MiB
2026/09/04 10:49:34.692, 383.58 W, 600.00 W, 2715 MHz, 15368 MHz, 79, 99 %, 89838 MiB
2026/09/04 10:49:35.693, 380.13 W, 600.00 W, 2715 MHz, 15368 MHz, 77, 98 %, 89838 MiB
2026/09/04 10:49:36.694, 350.20 W, 600.00 W, 2760 MHz, 15368 MHz, 80, 99 %, 89838 MiB
2026/09/04 10:49:37.694, 558.49 W, 600.00 W, 2647 MHz, 15368 MHz, 81, 99 %, 89838 MiB
2026/09/04 10:49:38.695, 475.49 W, 600.00 W, 2730 MHz, 15368 MHz, 76, 99 %, 89838 MiB
2026/09/04 10:49:39.695, 391.55 W, 600.00 W, 2707 MHz, 15368 MHz, 80, 99 %, 89838 MiB
2026/09/04 10:49:40.696, 383.75 W, 600.00 W, 2707 MHz, 15368 MHz, 80, 98 %, 89838 MiB
2026/09/04 10:49:41.697, 337.96 W, 600.00 W, 2782 MHz, 15368 MHz, 79, 99 %, 89838 MiB
2026/09/04 10:49:42.698, 553.83 W, 600.00 W, 2632 MHz, 15368 MHz, 81, 98 %, 89838 MiB
2026/09/04 10:49:43.699, 488.10 W, 600.00 W, 2700 MHz, 15368 MHz, 80, 99 %, 89838 MiB
2026/09/04 10:49:44.699, 387.19 W, 600.00 W, 2715 MHz, 15368 MHz, 80, 99 %, 89838 MiB
2026/09/04 10:49:45.700, 383.22 W, 600.00 W, 2715 MHz, 15368 MHz, 80, 99 %, 89838 MiB
2026/09/04 10:49:46.701, 306.93 W, 600.00 W, 2812 MHz, 15368 MHz, 75, 29 %, 89838 MiB
2026/09/04 10:49:47.701, 511.32 W, 600.00 W, 2640 MHz, 15368 MHz, 83, 99 %, 89838 MiB
2026/09/04 10:49:48.702, 532.78 W, 600.00 W, 2670 MHz, 15368 MHz, 82, 99 %, 89838 MiB
2026/09/04 10:49:49.703, 381.88 W, 600.00 W, 2707 MHz, 15368 MHz, 81, 98 %, 89838 MiB
2026/09/04 10:49:50.703, 390.93 W, 600.00 W, 2715 MHz, 15368 MHz, 80, 99 %, 89838 MiB
2026/09/04 10:49:51.704, 380.73 W, 600.00 W, 2715 MHz, 15368 MHz, 74, 13 %, 89838 MiB
2026/09/04 10:49:52.704, 402.81 W, 600.00 W, 2662 MHz, 15368 MHz, 81, 99 %, 89838 MiB
2026/09/04 10:49:53.705, 555.42 W, 600.00 W, 2640 MHz, 15368 MHz, 83, 100 %, 89838 MiB
2026/09/04 10:49:54.705, 428.10 W, 600.00 W, 2722 MHz, 15368 MHz, 79, 100 %, 89838 MiB
2026/09/04 10:49:55.706, 393.68 W, 600.00 W, 2707 MHz, 15368 MHz, 78, 98 %, 89838 MiB
2026/09/04 10:49:56.707, 393.08 W, 600.00 W, 2715 MHz, 15368 MHz, 80, 99 %, 89838 MiB
2026/09/04 10:49:57.707, 312.62 W, 600.00 W, 2775 MHz, 15368 MHz, 78, 99 %, 89838 MiB
2026/09/04 10:49:58.708, 544.85 W, 600.00 W, 2647 MHz, 15368 MHz, 83, 99 %, 89838 MiB
2026/09/04 10:49:59.708, 519.12 W, 600.00 W, 2677 MHz, 15368 MHz, 79, 100 %, 89838 MiB
2026/09/04 10:50:00.709, 395.00 W, 600.00 W, 2700 MHz, 15368 MHz, 80, 99 %, 89838 MiB
2026/09/04 10:50:01.709, 388.30 W, 600.00 W, 2715 MHz, 15368 MHz, 77, 99 %, 89838 MiB
2026/09/04 10:50:02.710, 412.72 W, 600.00 W, 2707 MHz, 15368 MHz, 82, 100 %, 89838 MiB
2026/09/04 10:50:03.711, 420.59 W, 600.00 W, 2647 MHz, 15368 MHz, 83, 99 %, 89838 MiB
2026/09/04 10:50:04.711, 479.59 W, 600.00 W, 2730 MHz, 15368 MHz, 81, 99 %, 89838 MiB
2026/09/04 10:50:05.712, 354.48 W, 600.00 W, 2730 MHz, 15368 MHz, 78, 99 %, 89838 MiB
2026/09/04 10:50:06.712, 356.22 W, 600.00 W, 2722 MHz, 15368 MHz, 78, 99 %, 89838 MiB
2026/09/04 10:50:07.713, 231.49 W, 600.00 W, 2805 MHz, 15368 MHz, 74, 18 %, 89838 MiB
2026/09/04 10:50:08.713, 190.09 W, 600.00 W, 2805 MHz, 15368 MHz, 73, 24 %, 89838 MiB
2026/09/04 10:50:09.714, 184.66 W, 600.00 W, 2737 MHz, 15368 MHz, 72, 23 %, 89838 MiB
2026/09/04 10:50:10.715, 182.85 W, 600.00 W, 2737 MHz, 15368 MHz, 72, 19 %, 89838 MiB
2026/09/04 10:50:11.715, 181.41 W, 600.00 W, 2737 MHz, 15368 MHz, 72, 19 %, 89838 MiB
2026/09/04 10:50:12.716, 181.31 W, 600.00 W, 2737 MHz, 15368 MHz, 71, 19 %, 89838 MiB
2026/09/04 10:50:13.717, 180.35 W, 600.00 W, 2737 MHz, 15368 MHz, 71, 19 %, 89838 MiB
2026/09/04 10:50:14.717, 180.91 W, 600.00 W, 2745 MHz, 15368 MHz, 71, 23 %, 89838 MiB
2026/09/04 10:50:15.718, 178.69 W, 600.00 W, 2737 MHz, 15368 MHz, 70, 19 %, 89838 MiB
2026/09/04 10:50:16.718, 147.05 W, 600.00 W, 2610 MHz, 15368 MHz, 69, 6 %, 89838 MiB
2026/09/04 10:50:17.719, 109.92 W, 600.00 W, 2610 MHz, 15368 MHz, 68, 6 %, 89838 MiB
2026/09/04 10:50:18.720, 442.41 W, 600.00 W, 2647 MHz, 15368 MHz, 79, 98 %, 89838 MiB
2026/09/04 10:50:19.721, 421.39 W, 600.00 W, 2737 MHz, 15368 MHz, 76, 98 %, 89838 MiB
2026/09/04 10:50:20.724, 339.68 W, 600.00 W, 2745 MHz, 15368 MHz, 73, 99 %, 89838 MiB
2026/09/04 10:50:21.725, 354.01 W, 600.00 W, 2760 MHz, 15368 MHz, 79, 99 %, 89838 MiB
2026/09/04 10:50:22.726, 550.47 W, 600.00 W, 2655 MHz, 15368 MHz, 80, 99 %, 89838 MiB
2026/09/04 10:50:23.727, 390.67 W, 600.00 W, 2722 MHz, 15368 MHz, 76, 99 %, 89838 MiB
2026/09/04 10:50:24.727, 349.57 W, 600.00 W, 2745 MHz, 15368 MHz, 75, 98 %, 89838 MiB
2026/09/04 10:50:25.728, 400.26 W, 600.00 W, 2715 MHz, 15368 MHz, 80, 98 %, 89838 MiB
2026/09/04 10:50:26.729, 558.09 W, 600.00 W, 2655 MHz, 15368 MHz, 81, 98 %, 89838 MiB
2026/09/04 10:50:27.730, 369.02 W, 600.00 W, 2722 MHz, 15368 MHz, 75, 98 %, 89838 MiB
2026/09/04 10:50:28.731, 368.27 W, 600.00 W, 2730 MHz, 15368 MHz, 79, 98 %, 89838 MiB
2026/09/04 10:50:29.732, 397.72 W, 600.00 W, 2700 MHz, 15368 MHz, 81, 99 %, 89838 MiB
2026/09/04 10:50:30.733, 561.49 W, 600.00 W, 2640 MHz, 15368 MHz, 82, 98 %, 89838 MiB
2026/09/04 10:50:31.734, 374.47 W, 600.00 W, 2730 MHz, 15368 MHz, 74, 99 %, 89838 MiB
2026/09/04 10:50:32.734, 357.33 W, 600.00 W, 2737 MHz, 15368 MHz, 74, 98 %, 89838 MiB
2026/09/04 10:50:33.735, 381.69 W, 600.00 W, 2760 MHz, 15368 MHz, 80, 98 %, 89838 MiB
2026/09/04 10:50:34.736, 558.47 W, 600.00 W, 2632 MHz, 15368 MHz, 82, 98 %, 89838 MiB
2026/09/04 10:50:35.736, 395.67 W, 600.00 W, 2722 MHz, 15368 MHz, 79, 99 %, 89838 MiB
2026/09/04 10:50:36.737, 368.72 W, 600.00 W, 2730 MHz, 15368 MHz, 80, 98 %, 89838 MiB
2026/09/04 10:50:37.738, 346.45 W, 600.00 W, 2760 MHz, 15368 MHz, 75, 87 %, 89838 MiB
2026/09/04 10:50:38.738, 546.96 W, 600.00 W, 2640 MHz, 15368 MHz, 82, 99 %, 89838 MiB
2026/09/04 10:50:39.739, 449.43 W, 600.00 W, 2730 MHz, 15368 MHz, 80, 98 %, 89838 MiB
2026/09/04 10:50:40.745, 377.98 W, 600.00 W, 2730 MHz, 15368 MHz, 80, 99 %, 89838 MiB
2026/09/04 10:50:41.745, 373.99 W, 600.00 W, 2722 MHz, 15368 MHz, 76, 94 %, 89838 MiB
2026/09/04 10:50:42.746, 453.97 W, 600.00 W, 2662 MHz, 15368 MHz, 82, 98 %, 89838 MiB
2026/09/04 10:50:43.747, 523.14 W, 600.00 W, 2670 MHz, 15368 MHz, 79, 99 %, 89838 MiB
2026/09/04 10:50:44.748, 372.85 W, 600.00 W, 2730 MHz, 15368 MHz, 79, 99 %, 89838 MiB
2026/09/04 10:50:45.749, 375.69 W, 600.00 W, 2730 MHz, 15368 MHz, 76, 99 %, 89838 MiB
2026/09/04 10:50:46.751, 369.39 W, 600.00 W, 2760 MHz, 15368 MHz, 81, 99 %, 89838 MiB
2026/09/04 10:50:47.751, 556.19 W, 600.00 W, 2632 MHz, 15368 MHz, 83, 99 %, 89838 MiB
2026/09/04 10:50:48.752, 442.59 W, 600.00 W, 2722 MHz, 15368 MHz, 81, 99 %, 89838 MiB
2026/09/04 10:50:49.752, 368.64 W, 600.00 W, 2722 MHz, 15368 MHz, 78, 98 %, 89838 MiB
2026/09/04 10:50:50.753, 374.24 W, 600.00 W, 2722 MHz, 15368 MHz, 76, 98 %, 89838 MiB
2026/09/04 10:50:51.754, 416.30 W, 600.00 W, 2662 MHz, 15368 MHz, 81, 99 %, 89838 MiB
2026/09/04 10:50:52.755, 562.48 W, 600.00 W, 2640 MHz, 15368 MHz, 83, 99 %, 89838 MiB
2026/09/04 10:50:53.755, 390.52 W, 600.00 W, 2722 MHz, 15368 MHz, 81, 99 %, 89838 MiB
2026/09/04 10:50:54.756, 368.86 W, 600.00 W, 2730 MHz, 15368 MHz, 78, 98 %, 89838 MiB
2026/09/04 10:50:55.756, 363.04 W, 600.00 W, 2715 MHz, 15368 MHz, 74, 0 %, 89838 MiB
2026/09/04 10:50:56.757, 466.68 W, 600.00 W, 2655 MHz, 15368 MHz, 83, 98 %, 89838 MiB
2026/09/04 10:50:57.758, 541.50 W, 600.00 W, 2647 MHz, 15368 MHz, 81, 99 %, 89838 MiB
2026/09/04 10:50:58.758, 373.35 W, 600.00 W, 2722 MHz, 15368 MHz, 77, 99 %, 89838 MiB
2026/09/04 10:50:59.759, 383.52 W, 600.00 W, 2737 MHz, 15368 MHz, 79, 99 %, 89838 MiB
2026/09/04 10:51:00.760, 341.34 W, 600.00 W, 2745 MHz, 15368 MHz, 73, 0 %, 89838 MiB
2026/09/04 10:51:01.761, 502.28 W, 600.00 W, 2640 MHz, 15368 MHz, 83, 99 %, 89838 MiB
2026/09/04 10:51:02.762, 544.25 W, 600.00 W, 2655 MHz, 15368 MHz, 82, 99 %, 89838 MiB
2026/09/04 10:51:03.762, 377.13 W, 600.00 W, 2722 MHz, 15368 MHz, 77, 99 %, 89838 MiB
2026/09/04 10:51:04.763, 385.99 W, 600.00 W, 2730 MHz, 15368 MHz, 77, 100 %, 89838 MiB
2026/09/04 10:51:05.764, 361.57 W, 600.00 W, 2730 MHz, 15368 MHz, 74, 0 %, 89838 MiB
2026/09/04 10:51:06.764, 466.19 W, 600.00 W, 2655 MHz, 15368 MHz, 83, 99 %, 89838 MiB
2026/09/04 10:51:07.765, 556.92 W, 600.00 W, 2632 MHz, 15368 MHz, 83, 98 %, 89838 MiB
2026/09/04 10:51:08.765, 405.48 W, 600.00 W, 2715 MHz, 15368 MHz, 82, 99 %, 89838 MiB
2026/09/04 10:51:09.766, 381.95 W, 600.00 W, 2707 MHz, 15368 MHz, 79, 98 %, 89838 MiB
2026/09/04 10:51:10.769, 395.36 W, 600.00 W, 2707 MHz, 15368 MHz, 78, 100 %, 89838 MiB
2026/09/04 10:51:11.770, 386.71 W, 600.00 W, 2647 MHz, 15368 MHz, 82, 99 %, 89838 MiB
2026/09/04 10:51:12.770, 557.15 W, 600.00 W, 2625 MHz, 15368 MHz, 83, 99 %, 89838 MiB
2026/09/04 10:51:13.771, 437.70 W, 600.00 W, 2707 MHz, 15368 MHz, 82, 99 %, 89838 MiB
2026/09/04 10:51:14.771, 387.56 W, 600.00 W, 2707 MHz, 15368 MHz, 82, 98 %, 89838 MiB
2026/09/04 10:51:15.772, 386.83 W, 600.00 W, 2707 MHz, 15368 MHz, 81, 99 %, 89838 MiB
2026/09/04 10:51:16.773, 335.22 W, 600.00 W, 2760 MHz, 15368 MHz, 80, 99 %, 89838 MiB
2026/09/04 10:51:17.773, 542.99 W, 600.00 W, 2617 MHz, 15368 MHz, 84, 98 %, 89838 MiB
2026/09/04 10:51:18.774, 495.20 W, 600.00 W, 2700 MHz, 15368 MHz, 77, 98 %, 89838 MiB
2026/09/04 10:51:19.775, 397.54 W, 600.00 W, 2715 MHz, 15368 MHz, 81, 99 %, 89838 MiB
2026/09/04 10:51:20.775, 386.20 W, 600.00 W, 2707 MHz, 15368 MHz, 80, 99 %, 89838 MiB
2026/09/04 10:51:21.776, 350.10 W, 600.00 W, 2722 MHz, 15368 MHz, 74, 0 %, 89838 MiB
2026/09/04 10:51:22.776, 432.08 W, 600.00 W, 2655 MHz, 15368 MHz, 84, 99 %, 89838 MiB
2026/09/04 10:51:23.777, 550.66 W, 600.00 W, 2632 MHz, 15368 MHz, 82, 99 %, 89838 MiB
2026/09/04 10:51:24.778, 434.04 W, 600.00 W, 2700 MHz, 15368 MHz, 81, 99 %, 89838 MiB
2026/09/04 10:51:25.778, 398.65 W, 600.00 W, 2722 MHz, 15368 MHz, 79, 100 %, 89838 MiB
2026/09/04 10:51:26.779, 390.52 W, 600.00 W, 2700 MHz, 15368 MHz, 80, 99 %, 89838 MiB
2026/09/04 10:51:27.780, 289.52 W, 600.00 W, 2812 MHz, 15368 MHz, 74, 7 %, 89838 MiB
2026/09/04 10:51:28.780, 529.44 W, 600.00 W, 2640 MHz, 15368 MHz, 83, 98 %, 89838 MiB
2026/09/04 10:51:29.781, 551.09 W, 600.00 W, 2632 MHz, 15368 MHz, 83, 99 %, 89838 MiB
2026/09/04 10:51:30.783, 409.70 W, 600.00 W, 2700 MHz, 15368 MHz, 82, 98 %, 89838 MiB
2026/09/04 10:51:31.784, 387.67 W, 600.00 W, 2700 MHz, 15368 MHz, 79, 99 %, 89838 MiB
2026/09/04 10:51:32.784, 403.50 W, 600.00 W, 2700 MHz, 15368 MHz, 81, 99 %, 89838 MiB
2026/09/04 10:51:33.785, 295.52 W, 600.00 W, 2812 MHz, 15368 MHz, 82, 99 %, 89838 MiB
2026/09/04 10:51:34.785, 530.53 W, 600.00 W, 2640 MHz, 15368 MHz, 84, 99 %, 89838 MiB
2026/09/04 10:51:35.786, 548.47 W, 600.00 W, 2632 MHz, 15368 MHz, 85, 98 %, 89838 MiB
2026/09/04 10:51:36.787, 405.81 W, 600.00 W, 2700 MHz, 15368 MHz, 77, 98 %, 89838 MiB
2026/09/04 10:51:37.788, 397.14 W, 600.00 W, 2692 MHz, 15368 MHz, 80, 99 %, 89838 MiB
2026/09/04 10:51:38.788, 403.79 W, 600.00 W, 2707 MHz, 15368 MHz, 81, 99 %, 89838 MiB
2026/09/04 10:51:39.789, 296.77 W, 600.00 W, 2812 MHz, 15368 MHz, 81, 97 %, 89838 MiB
2026/09/04 10:51:40.790, 522.27 W, 600.00 W, 2640 MHz, 15368 MHz, 82, 99 %, 89838 MiB
2026/09/04 10:51:41.790, 538.69 W, 600.00 W, 2632 MHz, 15368 MHz, 83, 99 %, 89838 MiB
2026/09/04 10:51:42.791, 411.16 W, 600.00 W, 2722 MHz, 15368 MHz, 79, 99 %, 89838 MiB
2026/09/04 10:51:43.791, 392.80 W, 600.00 W, 2700 MHz, 15368 MHz, 77, 98 %, 89838 MiB
2026/09/04 10:51:44.792, 393.20 W, 600.00 W, 2700 MHz, 15368 MHz, 82, 99 %, 89838 MiB
2026/09/04 10:51:45.792, 299.65 W, 600.00 W, 2812 MHz, 15368 MHz, 74, 0 %, 89838 MiB
2026/09/04 10:51:46.793, 469.76 W, 600.00 W, 2685 MHz, 15368 MHz, 83, 98 %, 89838 MiB
2026/09/04 10:51:47.794, 543.29 W, 600.00 W, 2662 MHz, 15368 MHz, 84, 100 %, 89838 MiB
2026/09/04 10:51:48.794, 475.18 W, 600.00 W, 2730 MHz, 15368 MHz, 82, 100 %, 89838 MiB
2026/09/04 10:51:49.795, 400.09 W, 600.00 W, 2737 MHz, 15368 MHz, 81, 99 %, 89838 MiB
2026/09/04 10:51:50.795, 411.99 W, 600.00 W, 2737 MHz, 15368 MHz, 81, 99 %, 89838 MiB
2026/09/04 10:51:51.796, 418.52 W, 600.00 W, 2722 MHz, 15368 MHz, 81, 100 %, 89838 MiB
2026/09/04 10:51:52.796, 286.62 W, 600.00 W, 2722 MHz, 15368 MHz, 83, 100 %, 89838 MiB
2026/09/04 10:51:53.797, 535.70 W, 600.00 W, 2632 MHz, 15368 MHz, 82, 99 %, 89838 MiB
2026/09/04 10:51:54.798, 540.03 W, 600.00 W, 2640 MHz, 15368 MHz, 85, 98 %, 89838 MiB
2026/09/04 10:51:55.798, 404.01 W, 600.00 W, 2692 MHz, 15368 MHz, 83, 98 %, 89838 MiB
2026/09/04 10:51:56.799, 399.01 W, 600.00 W, 2692 MHz, 15368 MHz, 82, 99 %, 89838 MiB
2026/09/04 10:51:57.799, 400.00 W, 600.00 W, 2692 MHz, 15368 MHz, 81, 99 %, 89838 MiB
2026/09/04 10:51:58.800, 309.17 W, 600.00 W, 2812 MHz, 15368 MHz, 75, 0 %, 89838 MiB
2026/09/04 10:51:59.801, 425.76 W, 600.00 W, 2655 MHz, 15368 MHz, 81, 100 %, 89838 MiB
2026/09/04 10:52:00.801, 530.46 W, 600.00 W, 2640 MHz, 15368 MHz, 85, 98 %, 89838 MiB
2026/09/04 10:52:01.802, 493.54 W, 600.00 W, 2692 MHz, 15368 MHz, 83, 98 %, 89838 MiB
2026/09/04 10:52:02.802, 391.92 W, 600.00 W, 2692 MHz, 15368 MHz, 80, 98 %, 89838 MiB
2026/09/04 10:52:03.803, 394.65 W, 600.00 W, 2707 MHz, 15368 MHz, 79, 99 %, 89838 MiB
2026/09/04 10:52:04.804, 400.90 W, 600.00 W, 2722 MHz, 15368 MHz, 79, 100 %, 89838 MiB
2026/09/04 10:52:05.804, 258.08 W, 600.00 W, 2812 MHz, 15368 MHz, 74, 12 %, 89838 MiB
2026/09/04 10:52:06.805, 508.02 W, 600.00 W, 2662 MHz, 15368 MHz, 82, 99 %, 89838 MiB
2026/09/04 10:52:07.805, 530.70 W, 600.00 W, 2632 MHz, 15368 MHz, 84, 99 %, 89838 MiB
2026/09/04 10:52:08.806, 469.47 W, 600.00 W, 2715 MHz, 15368 MHz, 81, 99 %, 89838 MiB
2026/09/04 10:52:09.806, 395.02 W, 600.00 W, 2685 MHz, 15368 MHz, 81, 98 %, 89838 MiB
2026/09/04 10:52:10.808, 396.56 W, 600.00 W, 2700 MHz, 15368 MHz, 78, 98 %, 89838 MiB
2026/09/04 10:52:11.808, 413.05 W, 600.00 W, 2692 MHz, 15368 MHz, 83, 98 %, 89838 MiB
2026/09/04 10:52:12.809, 252.97 W, 600.00 W, 2812 MHz, 15368 MHz, 80, 65 %, 89838 MiB
2026/09/04 10:52:13.809, 511.56 W, 600.00 W, 2647 MHz, 15368 MHz, 82, 100 %, 89838 MiB
2026/09/04 10:52:14.810, 530.86 W, 600.00 W, 2632 MHz, 15368 MHz, 83, 99 %, 89838 MiB
2026/09/04 10:52:15.810, 474.74 W, 600.00 W, 2700 MHz, 15368 MHz, 81, 99 %, 89838 MiB
2026/09/04 10:52:16.811, 404.03 W, 600.00 W, 2685 MHz, 15368 MHz, 78, 99 %, 89838 MiB
2026/09/04 10:52:17.812, 410.30 W, 600.00 W, 2692 MHz, 15368 MHz, 82, 99 %, 89838 MiB
2026/09/04 10:52:18.812, 408.21 W, 600.00 W, 2715 MHz, 15368 MHz, 78, 100 %, 89838 MiB
2026/09/04 10:52:19.813, 258.88 W, 600.00 W, 2812 MHz, 15368 MHz, 74, 0 %, 89838 MiB
2026/09/04 10:52:20.813, 464.60 W, 600.00 W, 2655 MHz, 15368 MHz, 84, 98 %, 89838 MiB
2026/09/04 10:52:21.814, 529.22 W, 600.00 W, 2640 MHz, 15368 MHz, 83, 98 %, 89838 MiB
2026/09/04 10:52:22.814, 482.33 W, 600.00 W, 2677 MHz, 15368 MHz, 79, 99 %, 89838 MiB
2026/09/04 10:52:23.815, 403.16 W, 600.00 W, 2730 MHz, 15368 MHz, 81, 100 %, 89838 MiB
2026/09/04 10:52:24.815, 400.07 W, 600.00 W, 2685 MHz, 15368 MHz, 80, 98 %, 89838 MiB
2026/09/04 10:52:25.816, 402.54 W, 600.00 W, 2685 MHz, 15368 MHz, 83, 99 %, 89838 MiB
2026/09/04 10:52:26.817, 326.13 W, 600.00 W, 2797 MHz, 15368 MHz, 75, 0 %, 89838 MiB
2026/09/04 10:52:27.817, 358.12 W, 600.00 W, 2655 MHz, 15368 MHz, 82, 100 %, 89838 MiB
2026/09/04 10:52:28.818, 517.60 W, 600.00 W, 2640 MHz, 15368 MHz, 81, 100 %, 89838 MiB
2026/09/04 10:52:29.819, 518.55 W, 600.00 W, 2647 MHz, 15368 MHz, 82, 100 %, 89838 MiB
2026/09/04 10:52:30.819, 417.08 W, 600.00 W, 2707 MHz, 15368 MHz, 81, 99 %, 89838 MiB
2026/09/04 10:52:31.820, 409.85 W, 600.00 W, 2685 MHz, 15368 MHz, 81, 98 %, 89838 MiB
2026/09/04 10:52:32.821, 405.94 W, 600.00 W, 2722 MHz, 15368 MHz, 80, 100 %, 89838 MiB
2026/09/04 10:52:33.822, 412.01 W, 600.00 W, 2715 MHz, 15368 MHz, 81, 99 %, 89838 MiB
2026/09/04 10:52:34.822, 200.83 W, 600.00 W, 2812 MHz, 15368 MHz, 80, 63 %, 89838 MiB
2026/09/04 10:52:35.823, 489.05 W, 600.00 W, 2700 MHz, 15368 MHz, 83, 98 %, 89838 MiB
2026/09/04 10:52:36.823, 514.95 W, 600.00 W, 2677 MHz, 15368 MHz, 84, 99 %, 89838 MiB
2026/09/04 10:52:37.824, 502.84 W, 600.00 W, 2700 MHz, 15368 MHz, 82, 99 %, 89838 MiB
2026/09/04 10:52:38.824, 407.26 W, 600.00 W, 2715 MHz, 15368 MHz, 81, 99 %, 89838 MiB
2026/09/04 10:52:39.825, 399.87 W, 600.00 W, 2730 MHz, 15368 MHz, 81, 100 %, 89838 MiB
2026/09/04 10:52:40.826, 412.19 W, 600.00 W, 2722 MHz, 15368 MHz, 84, 98 %, 89838 MiB
2026/09/04 10:52:41.826, 415.82 W, 600.00 W, 2730 MHz, 15368 MHz, 83, 100 %, 89838 MiB
2026/09/04 10:52:42.827, 251.02 W, 600.00 W, 2797 MHz, 15368 MHz, 82, 98 %, 89838 MiB
2026/09/04 10:52:43.828, 497.85 W, 600.00 W, 2655 MHz, 15368 MHz, 83, 100 %, 89838 MiB
2026/09/04 10:52:44.828, 517.41 W, 600.00 W, 2655 MHz, 15368 MHz, 82, 99 %, 89838 MiB
2026/09/04 10:52:45.829, 482.97 W, 600.00 W, 2677 MHz, 15368 MHz, 78, 99 %, 89838 MiB
2026/09/04 10:52:46.830, 401.84 W, 600.00 W, 2700 MHz, 15368 MHz, 81, 99 %, 89838 MiB
2026/09/04 10:52:47.830, 405.61 W, 600.00 W, 2685 MHz, 15368 MHz, 78, 98 %, 89838 MiB
2026/09/04 10:52:48.831, 402.39 W, 600.00 W, 2730 MHz, 15368 MHz, 81, 99 %, 89838 MiB
2026/09/04 10:52:49.832, 396.75 W, 600.00 W, 2685 MHz, 15368 MHz, 76, 11 %, 89838 MiB
2026/09/04 10:52:50.832, 213.17 W, 600.00 W, 2797 MHz, 15368 MHz, 83, 98 %, 89838 MiB
2026/09/04 10:52:51.833, 497.47 W, 600.00 W, 2662 MHz, 15368 MHz, 81, 100 %, 89838 MiB
2026/09/04 10:52:52.833, 516.94 W, 600.00 W, 2640 MHz, 15368 MHz, 82, 99 %, 89838 MiB
2026/09/04 10:52:53.834, 490.58 W, 600.00 W, 2692 MHz, 15368 MHz, 81, 100 %, 89838 MiB
2026/09/04 10:52:54.834, 399.82 W, 600.00 W, 2677 MHz, 15368 MHz, 78, 99 %, 89838 MiB
2026/09/04 10:52:55.835, 414.87 W, 600.00 W, 2722 MHz, 15368 MHz, 81, 100 %, 89838 MiB
2026/09/04 10:52:56.835, 408.73 W, 600.00 W, 2685 MHz, 15368 MHz, 81, 99 %, 89838 MiB
2026/09/04 10:52:57.836, 418.61 W, 600.00 W, 2707 MHz, 15368 MHz, 79, 99 %, 89838 MiB
2026/09/04 10:52:58.837, 219.92 W, 600.00 W, 2812 MHz, 15368 MHz, 82, 99 %, 89838 MiB
2026/09/04 10:52:59.837, 492.16 W, 600.00 W, 2662 MHz, 15368 MHz, 82, 99 %, 89838 MiB
2026/09/04 10:53:00.838, 505.87 W, 600.00 W, 2655 MHz, 15368 MHz, 82, 100 %, 89838 MiB
2026/09/04 10:53:01.839, 505.43 W, 600.00 W, 2662 MHz, 15368 MHz, 81, 99 %, 89838 MiB
2026/09/04 10:53:02.840, 410.43 W, 600.00 W, 2730 MHz, 15368 MHz, 81, 100 %, 89838 MiB
2026/09/04 10:53:03.841, 406.79 W, 600.00 W, 2677 MHz, 15368 MHz, 84, 99 %, 89838 MiB
2026/09/04 10:53:04.842, 402.32 W, 600.00 W, 2730 MHz, 15368 MHz, 81, 99 %, 89838 MiB
2026/09/04 10:53:05.843, 407.51 W, 600.00 W, 2685 MHz, 15368 MHz, 81, 98 %, 89838 MiB
2026/09/04 10:53:06.843, 256.02 W, 600.00 W, 2812 MHz, 15368 MHz, 74, 0 %, 89838 MiB
2026/09/04 10:53:07.844, 329.61 W, 600.00 W, 2662 MHz, 15368 MHz, 81, 99 %, 89838 MiB
2026/09/04 10:53:08.846, 505.28 W, 600.00 W, 2655 MHz, 15368 MHz, 84, 99 %, 89838 MiB
2026/09/04 10:53:09.847, 512.71 W, 600.00 W, 2640 MHz, 15368 MHz, 82, 99 %, 89838 MiB
2026/09/04 10:53:10.848, 450.37 W, 600.00 W, 2685 MHz, 15368 MHz, 80, 98 %, 89838 MiB
2026/09/04 10:53:11.849, 403.80 W, 600.00 W, 2722 MHz, 15368 MHz, 81, 100 %, 89838 MiB
2026/09/04 10:53:12.850, 406.79 W, 600.00 W, 2685 MHz, 15368 MHz, 81, 98 %, 89838 MiB
2026/09/04 10:53:13.851, 407.52 W, 600.00 W, 2730 MHz, 15368 MHz, 81, 100 %, 89838 MiB
2026/09/04 10:53:14.851, 401.03 W, 600.00 W, 2685 MHz, 15368 MHz, 77, 50 %, 89838 MiB
2026/09/04 10:53:15.852, 150.96 W, 600.00 W, 2812 MHz, 15368 MHz, 74, 9 %, 89838 MiB
2026/09/04 10:53:16.853, 450.36 W, 600.00 W, 2670 MHz, 15368 MHz, 81, 100 %, 89838 MiB
2026/09/04 10:53:17.854, 509.36 W, 600.00 W, 2655 MHz, 15368 MHz, 85, 99 %, 89838 MiB
2026/09/04 10:53:18.854, 509.70 W, 600.00 W, 2640 MHz, 15368 MHz, 82, 99 %, 89838 MiB
2026/09/04 10:53:19.855, 422.86 W, 600.00 W, 2700 MHz, 15368 MHz, 78, 99 %, 89838 MiB
2026/09/04 10:53:20.856, 400.61 W, 600.00 W, 2685 MHz, 15368 MHz, 78, 99 %, 89838 MiB
2026/09/04 10:53:21.857, 411.31 W, 600.00 W, 2737 MHz, 15368 MHz, 81, 100 %, 89838 MiB
2026/09/04 10:53:22.857, 403.25 W, 600.00 W, 2692 MHz, 15368 MHz, 81, 99 %, 89838 MiB
2026/09/04 10:53:23.858, 370.23 W, 600.00 W, 2715 MHz, 15368 MHz, 75, 0 %, 89838 MiB
2026/09/04 10:53:24.859, 419.63 W, 600.00 W, 2625 MHz, 15368 MHz, 83, 98 %, 89838 MiB
2026/09/04 10:53:25.860, 304.62 W, 600.00 W, 2745 MHz, 15368 MHz, 77, 100 %, 89838 MiB
2026/09/04 10:53:26.861, 308.66 W, 600.00 W, 2745 MHz, 15368 MHz, 77, 98 %, 89838 MiB
2026/09/04 10:53:27.862, 218.04 W, 600.00 W, 2805 MHz, 15368 MHz, 75, 18 %, 89838 MiB
2026/09/04 10:53:28.862, 195.83 W, 600.00 W, 2805 MHz, 15368 MHz, 74, 24 %, 89838 MiB
2026/09/04 10:53:29.863, 185.93 W, 600.00 W, 2730 MHz, 15368 MHz, 74, 25 %, 89838 MiB
2026/09/04 10:53:30.863, 184.46 W, 600.00 W, 2730 MHz, 15368 MHz, 73, 19 %, 89838 MiB
2026/09/04 10:53:31.864, 182.12 W, 600.00 W, 2730 MHz, 15368 MHz, 73, 24 %, 89838 MiB
2026/09/04 10:53:32.865, 184.25 W, 600.00 W, 2730 MHz, 15368 MHz, 73, 25 %, 89838 MiB
2026/09/04 10:53:33.865, 182.38 W, 600.00 W, 2730 MHz, 15368 MHz, 72, 24 %, 89838 MiB
2026/09/04 10:53:34.866, 182.03 W, 600.00 W, 2737 MHz, 15368 MHz, 72, 19 %, 89838 MiB
2026/09/04 10:53:35.866, 180.04 W, 600.00 W, 2730 MHz, 15368 MHz, 72, 24 %, 89838 MiB
2026/09/04 10:53:36.867, 179.45 W, 600.00 W, 2730 MHz, 15368 MHz, 71, 15 %, 89838 MiB
2026/09/04 10:53:37.868, 115.52 W, 600.00 W, 2610 MHz, 15368 MHz, 70, 7 %, 89838 MiB
2026/09/04 10:53:38.868, 276.96 W, 600.00 W, 2692 MHz, 15368 MHz, 80, 99 %, 89838 MiB
2026/09/04 10:53:39.869, 517.27 W, 600.00 W, 2677 MHz, 15368 MHz, 74, 98 %, 89838 MiB
2026/09/04 10:53:40.869, 342.21 W, 600.00 W, 2745 MHz, 15368 MHz, 74, 98 %, 89838 MiB
2026/09/04 10:53:41.871, 348.68 W, 600.00 W, 2730 MHz, 15368 MHz, 77, 98 %, 89838 MiB
2026/09/04 10:53:42.871, 466.06 W, 600.00 W, 2662 MHz, 15368 MHz, 81, 98 %, 89838 MiB
2026/09/04 10:53:43.872, 473.13 W, 600.00 W, 2730 MHz, 15368 MHz, 76, 99 %, 89838 MiB
2026/09/04 10:53:44.872, 353.36 W, 600.00 W, 2737 MHz, 15368 MHz, 78, 98 %, 89838 MiB
2026/09/04 10:53:45.873, 361.62 W, 600.00 W, 2730 MHz, 15368 MHz, 75, 91 %, 89838 MiB
2026/09/04 10:53:46.873, 497.31 W, 600.00 W, 2640 MHz, 15368 MHz, 82, 98 %, 89838 MiB
2026/09/04 10:53:47.874, 446.28 W, 600.00 W, 2737 MHz, 15368 MHz, 78, 98 %, 89838 MiB
2026/09/04 10:53:48.875, 365.61 W, 600.00 W, 2737 MHz, 15368 MHz, 76, 99 %, 89838 MiB
2026/09/04 10:53:49.875, 357.95 W, 600.00 W, 2715 MHz, 15368 MHz, 74, 37 %, 89838 MiB
2026/09/04 10:53:50.876, 520.62 W, 600.00 W, 2625 MHz, 15368 MHz, 81, 98 %, 89838 MiB
2026/09/04 10:53:51.876, 448.83 W, 600.00 W, 2722 MHz, 15368 MHz, 76, 98 %, 89838 MiB
2026/09/04 10:53:52.877, 368.34 W, 600.00 W, 2722 MHz, 15368 MHz, 79, 99 %, 89838 MiB
2026/09/04 10:53:53.877, 367.09 W, 600.00 W, 2722 MHz, 15368 MHz, 76, 99 %, 89838 MiB
2026/09/04 10:53:54.878, 476.40 W, 600.00 W, 2632 MHz, 15368 MHz, 81, 98 %, 89838 MiB
2026/09/04 10:53:55.878, 483.27 W, 600.00 W, 2722 MHz, 15368 MHz, 77, 99 %, 89838 MiB
2026/09/04 10:53:56.879, 371.92 W, 600.00 W, 2722 MHz, 15368 MHz, 78, 99 %, 89838 MiB
2026/09/04 10:53:57.880, 368.44 W, 600.00 W, 2715 MHz, 15368 MHz, 78, 98 %, 89838 MiB
2026/09/04 10:53:58.880, 443.54 W, 600.00 W, 2655 MHz, 15368 MHz, 82, 98 %, 89838 MiB
2026/09/04 10:53:59.881, 538.38 W, 600.00 W, 2662 MHz, 15368 MHz, 77, 99 %, 89838 MiB
2026/09/04 10:54:00.881, 380.17 W, 600.00 W, 2730 MHz, 15368 MHz, 77, 99 %, 89838 MiB
2026/09/04 10:54:01.883, 371.24 W, 600.00 W, 2730 MHz, 15368 MHz, 79, 99 %, 89838 MiB
2026/09/04 10:54:02.883, 387.89 W, 600.00 W, 2722 MHz, 15368 MHz, 80, 98 %, 89838 MiB
2026/09/04 10:54:03.883, 565.22 W, 600.00 W, 2640 MHz, 15368 MHz, 83, 98 %, 89838 MiB
2026/09/04 10:54:04.884, 415.83 W, 600.00 W, 2722 MHz, 15368 MHz, 80, 98 %, 89838 MiB
2026/09/04 10:54:05.884, 375.70 W, 600.00 W, 2722 MHz, 15368 MHz, 79, 99 %, 89838 MiB
2026/09/04 10:54:06.885, 376.52 W, 600.00 W, 2707 MHz, 15368 MHz, 76, 56 %, 89838 MiB
2026/09/04 10:54:07.886, 449.01 W, 600.00 W, 2647 MHz, 15368 MHz, 83, 98 %, 89838 MiB
2026/09/04 10:54:08.886, 522.54 W, 600.00 W, 2670 MHz, 15368 MHz, 77, 99 %, 89838 MiB
2026/09/04 10:54:09.887, 379.04 W, 600.00 W, 2722 MHz, 15368 MHz, 78, 99 %, 89838 MiB
2026/09/04 10:54:10.887, 380.18 W, 600.00 W, 2730 MHz, 15368 MHz, 81, 99 %, 89838 MiB
2026/09/04 10:54:11.888, 346.40 W, 600.00 W, 2797 MHz, 15368 MHz, 78, 99 %, 89838 MiB
2026/09/04 10:54:12.889, 555.01 W, 600.00 W, 2632 MHz, 15368 MHz, 83, 98 %, 89838 MiB
2026/09/04 10:54:13.889, 468.57 W, 600.00 W, 2722 MHz, 15368 MHz, 82, 98 %, 89838 MiB
2026/09/04 10:54:14.890, 379.65 W, 600.00 W, 2722 MHz, 15368 MHz, 77, 99 %, 89838 MiB
2026/09/04 10:54:15.890, 387.82 W, 600.00 W, 2715 MHz, 15368 MHz, 81, 99 %, 89838 MiB
2026/09/04 10:54:16.891, 382.17 W, 600.00 W, 2692 MHz, 15368 MHz, 82, 99 %, 89838 MiB
2026/09/04 10:54:17.891, 561.35 W, 600.00 W, 2625 MHz, 15368 MHz, 85, 99 %, 89838 MiB
2026/09/04 10:54:18.892, 449.74 W, 600.00 W, 2722 MHz, 15368 MHz, 81, 99 %, 89838 MiB
2026/09/04 10:54:19.892, 373.20 W, 600.00 W, 2722 MHz, 15368 MHz, 77, 98 %, 89838 MiB
2026/09/04 10:54:20.893, 387.05 W, 600.00 W, 2722 MHz, 15368 MHz, 79, 98 %, 89838 MiB
2026/09/04 10:54:21.893, 387.75 W, 600.00 W, 2662 MHz, 15368 MHz, 83, 99 %, 89838 MiB
2026/09/04 10:54:22.894, 564.22 W, 600.00 W, 2625 MHz, 15368 MHz, 83, 99 %, 89838 MiB
2026/09/04 10:54:23.895, 429.88 W, 600.00 W, 2722 MHz, 15368 MHz, 78, 100 %, 89838 MiB
2026/09/04 10:54:24.895, 388.97 W, 600.00 W, 2715 MHz, 15368 MHz, 79, 98 %, 89838 MiB
2026/09/04 10:54:25.896, 392.04 W, 600.00 W, 2715 MHz, 15368 MHz, 82, 98 %, 89838 MiB
2026/09/04 10:54:26.896, 363.05 W, 600.00 W, 2662 MHz, 15368 MHz, 82, 99 %, 89838 MiB
2026/09/04 10:54:27.897, 559.76 W, 600.00 W, 2632 MHz, 15368 MHz, 84, 99 %, 89838 MiB
2026/09/04 10:54:28.899, 459.06 W, 600.00 W, 2707 MHz, 15368 MHz, 77, 98 %, 89838 MiB
2026/09/04 10:54:29.900, 394.29 W, 600.00 W, 2722 MHz, 15368 MHz, 78, 100 %, 89838 MiB
2026/09/04 10:54:30.901, 384.63 W, 600.00 W, 2707 MHz, 15368 MHz, 78, 99 %, 89838 MiB
2026/09/04 10:54:31.902, 336.42 W, 600.00 W, 2782 MHz, 15368 MHz, 80, 99 %, 89838 MiB
2026/09/04 10:54:32.903, 548.85 W, 600.00 W, 2625 MHz, 15368 MHz, 82, 98 %, 89838 MiB
2026/09/04 10:54:33.903, 492.20 W, 600.00 W, 2707 MHz, 15368 MHz, 79, 99 %, 89838 MiB
2026/09/04 10:54:34.904, 399.17 W, 600.00 W, 2722 MHz, 15368 MHz, 79, 100 %, 89838 MiB
2026/09/04 10:54:35.905, 393.44 W, 600.00 W, 2715 MHz, 15368 MHz, 77, 99 %, 89838 MiB
2026/09/04 10:54:36.906, 340.56 W, 600.00 W, 2767 MHz, 15368 MHz, 75, 0 %, 89838 MiB
2026/09/04 10:54:37.906, 478.70 W, 600.00 W, 2647 MHz, 15368 MHz, 84, 99 %, 89838 MiB
2026/09/04 10:54:38.908, 559.38 W, 600.00 W, 2640 MHz, 15368 MHz, 84, 100 %, 89838 MiB
2026/09/04 10:54:39.908, 392.71 W, 600.00 W, 2707 MHz, 15368 MHz, 79, 99 %, 89838 MiB
2026/09/04 10:54:40.909, 404.68 W, 600.00 W, 2715 MHz, 15368 MHz, 80, 100 %, 89838 MiB
2026/09/04 10:54:41.910, 392.08 W, 600.00 W, 2707 MHz, 15368 MHz, 78, 98 %, 89838 MiB
2026/09/04 10:54:42.910, 343.41 W, 600.00 W, 2692 MHz, 15368 MHz, 84, 99 %, 89838 MiB
2026/09/04 10:54:43.911, 548.63 W, 600.00 W, 2632 MHz, 15368 MHz, 83, 99 %, 89838 MiB
2026/09/04 10:54:44.911, 491.37 W, 600.00 W, 2700 MHz, 15368 MHz, 82, 99 %, 89838 MiB
2026/09/04 10:54:45.912, 401.35 W, 600.00 W, 2700 MHz, 15368 MHz, 82, 99 %, 89838 MiB
2026/09/04 10:54:46.915, 395.46 W, 600.00 W, 2737 MHz, 15368 MHz, 78, 100 %, 89838 MiB
2026/09/04 10:54:47.916, 382.86 W, 600.00 W, 2700 MHz, 15368 MHz, 76, 0 %, 89838 MiB
2026/09/04 10:54:48.917, 371.63 W, 600.00 W, 2647 MHz, 15368 MHz, 83, 99 %, 89838 MiB
2026/09/04 10:54:49.918, 553.21 W, 600.00 W, 2632 MHz, 15368 MHz, 85, 100 %, 89838 MiB
2026/09/04 10:54:50.919, 468.41 W, 600.00 W, 2700 MHz, 15368 MHz, 80, 98 %, 89838 MiB
2026/09/04 10:54:51.919, 399.01 W, 600.00 W, 2700 MHz, 15368 MHz, 79, 99 %, 89838 MiB
2026/09/04 10:54:52.920, 396.98 W, 600.00 W, 2700 MHz, 15368 MHz, 81, 99 %, 89838 MiB
2026/09/04 10:54:53.921, 342.36 W, 600.00 W, 2775 MHz, 15368 MHz, 75, 0 %, 89838 MiB
2026/09/04 10:54:54.921, 445.74 W, 600.00 W, 2632 MHz, 15368 MHz, 84, 99 %, 89838 MiB
2026/09/04 10:54:55.922, 549.98 W, 600.00 W, 2625 MHz, 15368 MHz, 84, 98 %, 89838 MiB
2026/09/04 10:54:56.923, 446.05 W, 600.00 W, 2707 MHz, 15368 MHz, 79, 99 %, 89838 MiB
2026/09/04 10:54:57.924, 392.94 W, 600.00 W, 2700 MHz, 15368 MHz, 78, 98 %, 89838 MiB
2026/09/04 10:54:58.925, 406.66 W, 600.00 W, 2700 MHz, 15368 MHz, 82, 99 %, 89838 MiB
2026/09/04 10:54:59.926, 345.72 W, 600.00 W, 2782 MHz, 15368 MHz, 75, 0 %, 89838 MiB
2026/09/04 10:55:00.927, 428.90 W, 600.00 W, 2647 MHz, 15368 MHz, 83, 99 %, 89838 MiB
2026/09/04 10:55:01.927, 541.47 W, 600.00 W, 2625 MHz, 15368 MHz, 84, 99 %, 89838 MiB
2026/09/04 10:55:02.928, 461.07 W, 600.00 W, 2722 MHz, 15368 MHz, 79, 100 %, 89838 MiB
2026/09/04 10:55:03.929, 396.69 W, 600.00 W, 2715 MHz, 15368 MHz, 80, 99 %, 89838 MiB
2026/09/04 10:55:04.931, 400.85 W, 600.00 W, 2700 MHz, 15368 MHz, 81, 99 %, 89838 MiB
2026/09/04 10:55:05.931, 384.20 W, 600.00 W, 2700 MHz, 15368 MHz, 76, 3 %, 89838 MiB
2026/09/04 10:55:06.932, 345.07 W, 600.00 W, 2670 MHz, 15368 MHz, 84, 100 %, 89838 MiB
2026/09/04 10:55:07.933, 543.47 W, 600.00 W, 2655 MHz, 15368 MHz, 83, 99 %, 89838 MiB
2026/09/04 10:55:08.934, 523.60 W, 600.00 W, 2692 MHz, 15368 MHz, 85, 99 %, 89838 MiB
2026/09/04 10:55:09.934, 403.30 W, 600.00 W, 2730 MHz, 15368 MHz, 83, 100 %, 89838 MiB
2026/09/04 10:55:10.935, 417.04 W, 600.00 W, 2730 MHz, 15368 MHz, 82, 100 %, 89838 MiB
2026/09/04 10:55:11.937, 405.79 W, 600.00 W, 2730 MHz, 15368 MHz, 82, 99 %, 89838 MiB
2026/09/04 10:55:12.938, 266.61 W, 600.00 W, 2812 MHz, 15368 MHz, 80, 36 %, 89838 MiB
2026/09/04 10:55:13.938, 522.70 W, 600.00 W, 2647 MHz, 15368 MHz, 84, 99 %, 89838 MiB
2026/09/04 10:55:14.939, 542.93 W, 600.00 W, 2647 MHz, 15368 MHz, 83, 100 %, 89838 MiB
2026/09/04 10:55:15.940, 447.68 W, 600.00 W, 2692 MHz, 15368 MHz, 80, 98 %, 89838 MiB
2026/09/04 10:55:16.940, 406.44 W, 600.00 W, 2692 MHz, 15368 MHz, 84, 98 %, 89838 MiB
2026/09/04 10:55:17.941, 402.28 W, 600.00 W, 2700 MHz, 15368 MHz, 84, 99 %, 89838 MiB
2026/09/04 10:55:18.942, 390.86 W, 600.00 W, 2692 MHz, 15368 MHz, 77, 23 %, 89838 MiB
2026/09/04 10:55:19.943, 323.55 W, 600.00 W, 2670 MHz, 15368 MHz, 83, 98 %, 89838 MiB
2026/09/04 10:55:20.944, 535.53 W, 600.00 W, 2625 MHz, 15368 MHz, 84, 100 %, 89838 MiB
2026/09/04 10:55:21.945, 517.16 W, 600.00 W, 2640 MHz, 15368 MHz, 80, 98 %, 89838 MiB
2026/09/04 10:55:22.945, 397.25 W, 600.00 W, 2692 MHz, 15368 MHz, 84, 99 %, 89838 MiB
2026/09/04 10:55:23.946, 405.98 W, 600.00 W, 2692 MHz, 15368 MHz, 78, 98 %, 89838 MiB
2026/09/04 10:55:24.947, 406.67 W, 600.00 W, 2715 MHz, 15368 MHz, 79, 100 %, 89838 MiB
2026/09/04 10:55:25.948, 313.66 W, 600.00 W, 2790 MHz, 15368 MHz, 75, 0 %, 89838 MiB
2026/09/04 10:55:26.949, 409.66 W, 600.00 W, 2655 MHz, 15368 MHz, 84, 99 %, 89838 MiB
2026/09/04 10:55:27.949, 528.13 W, 600.00 W, 2647 MHz, 15368 MHz, 83, 99 %, 89838 MiB
2026/09/04 10:55:28.950, 507.69 W, 600.00 W, 2647 MHz, 15368 MHz, 82, 99 %, 89838 MiB
2026/09/04 10:55:29.951, 403.79 W, 600.00 W, 2692 MHz, 15368 MHz, 79, 99 %, 89838 MiB
2026/09/04 10:55:30.951, 400.18 W, 600.00 W, 2692 MHz, 15368 MHz, 81, 98 %, 89838 MiB
2026/09/04 10:55:31.952, 401.80 W, 600.00 W, 2692 MHz, 15368 MHz, 81, 98 %, 89838 MiB
2026/09/04 10:55:32.953, 305.60 W, 600.00 W, 2805 MHz, 15368 MHz, 75, 0 %, 89838 MiB
2026/09/04 10:55:33.953, 411.10 W, 600.00 W, 2647 MHz, 15368 MHz, 84, 99 %, 89838 MiB
2026/09/04 10:55:34.954, 532.79 W, 600.00 W, 2632 MHz, 15368 MHz, 84, 98 %, 89838 MiB
2026/09/04 10:55:35.955, 446.73 W, 600.00 W, 2730 MHz, 15368 MHz, 83, 100 %, 89838 MiB
2026/09/04 10:55:36.956, 416.89 W, 600.00 W, 2700 MHz, 15368 MHz, 81, 99 %, 89838 MiB
2026/09/04 10:55:37.959, 411.11 W, 600.00 W, 2685 MHz, 15368 MHz, 81, 99 %, 89838 MiB
2026/09/04 10:55:38.960, 413.27 W, 600.00 W, 2692 MHz, 15368 MHz, 85, 98 %, 89838 MiB
2026/09/04 10:55:39.961, 232.72 W, 600.00 W, 2812 MHz, 15368 MHz, 75, 13 %, 89838 MiB
2026/09/04 10:55:40.961, 508.22 W, 600.00 W, 2655 MHz, 15368 MHz, 83, 99 %, 89838 MiB
2026/09/04 10:55:41.965, 530.42 W, 600.00 W, 2640 MHz, 15368 MHz, 83, 99 %, 89838 MiB
2026/09/04 10:55:42.965, 471.80 W, 600.00 W, 2685 MHz, 15368 MHz, 84, 99 %, 89838 MiB
2026/09/04 10:55:43.966, 407.12 W, 600.00 W, 2722 MHz, 15368 MHz, 84, 100 %, 89838 MiB
2026/09/04 10:55:44.967, 417.80 W, 600.00 W, 2700 MHz, 15368 MHz, 81, 99 %, 89838 MiB
2026/09/04 10:55:45.968, 399.62 W, 600.00 W, 2692 MHz, 15368 MHz, 80, 99 %, 89838 MiB
2026/09/04 10:55:46.968, 297.73 W, 600.00 W, 2812 MHz, 15368 MHz, 75, 0 %, 89838 MiB
2026/09/04 10:55:47.968, 385.42 W, 600.00 W, 2655 MHz, 15368 MHz, 83, 100 %, 89838 MiB
2026/09/04 10:55:48.969, 523.21 W, 600.00 W, 2640 MHz, 15368 MHz, 84, 100 %, 89838 MiB
2026/09/04 10:55:49.970, 528.35 W, 600.00 W, 2647 MHz, 15368 MHz, 82, 100 %, 89838 MiB
2026/09/04 10:55:50.971, 423.59 W, 600.00 W, 2715 MHz, 15368 MHz, 82, 99 %, 89838 MiB
2026/09/04 10:55:51.972, 397.39 W, 600.00 W, 2685 MHz, 15368 MHz, 80, 99 %, 89838 MiB
2026/09/04 10:55:52.972, 412.26 W, 600.00 W, 2707 MHz, 15368 MHz, 79, 100 %, 89838 MiB
2026/09/04 10:55:53.973, 410.51 W, 600.00 W, 2715 MHz, 15368 MHz, 82, 100 %, 89838 MiB
2026/09/04 10:55:54.974, 232.15 W, 600.00 W, 2812 MHz, 15368 MHz, 79, 90 %, 89838 MiB
2026/09/04 10:55:55.975, 501.07 W, 600.00 W, 2692 MHz, 15368 MHz, 82, 99 %, 89838 MiB
2026/09/04 10:55:56.976, 519.80 W, 600.00 W, 2677 MHz, 15368 MHz, 86, 99 %, 89838 MiB
2026/09/04 10:55:57.976, 492.64 W, 600.00 W, 2692 MHz, 15368 MHz, 82, 100 %, 89838 MiB
2026/09/04 10:55:58.977, 397.56 W, 600.00 W, 2707 MHz, 15368 MHz, 84, 99 %, 89838 MiB
2026/09/04 10:55:59.978, 403.32 W, 600.00 W, 2737 MHz, 15368 MHz, 82, 100 %, 89838 MiB
2026/09/04 10:56:00.979, 405.33 W, 600.00 W, 2722 MHz, 15368 MHz, 80, 99 %, 89838 MiB
2026/09/04 10:56:01.979, 408.59 W, 600.00 W, 2730 MHz, 15368 MHz, 82, 100 %, 89838 MiB
2026/09/04 10:56:02.980, 210.54 W, 600.00 W, 2812 MHz, 15368 MHz, 80, 96 %, 89838 MiB
2026/09/04 10:56:03.981, 500.61 W, 600.00 W, 2655 MHz, 15368 MHz, 82, 99 %, 89838 MiB
2026/09/04 10:56:04.982, 522.86 W, 600.00 W, 2640 MHz, 15368 MHz, 86, 99 %, 89838 MiB
2026/09/04 10:56:05.983, 483.23 W, 600.00 W, 2677 MHz, 15368 MHz, 82, 100 %, 89838 MiB
2026/09/04 10:56:06.984, 401.79 W, 600.00 W, 2677 MHz, 15368 MHz, 81, 98 %, 89838 MiB
2026/09/04 10:56:07.984, 399.44 W, 600.00 W, 2730 MHz, 15368 MHz, 81, 100 %, 89838 MiB
2026/09/04 10:56:08.985, 410.43 W, 600.00 W, 2685 MHz, 15368 MHz, 81, 99 %, 89838 MiB
2026/09/04 10:56:09.986, 395.72 W, 600.00 W, 2700 MHz, 15368 MHz, 79, 99 %, 89838 MiB
2026/09/04 10:56:10.986, 201.99 W, 600.00 W, 2812 MHz, 15368 MHz, 79, 79 %, 89838 MiB
2026/09/04 10:56:11.987, 500.30 W, 600.00 W, 2662 MHz, 15368 MHz, 83, 98 %, 89838 MiB
2026/09/04 10:56:12.988, 523.24 W, 600.00 W, 2647 MHz, 15368 MHz, 85, 100 %, 89838 MiB
2026/09/04 10:56:13.989, 498.31 W, 600.00 W, 2655 MHz, 15368 MHz, 82, 99 %, 89838 MiB
2026/09/04 10:56:14.989, 408.02 W, 600.00 W, 2692 MHz, 15368 MHz, 81, 99 %, 89838 MiB
2026/09/04 10:56:15.991, 408.70 W, 600.00 W, 2700 MHz, 15368 MHz, 81, 99 %, 89838 MiB
2026/09/04 10:56:16.991, 407.26 W, 600.00 W, 2700 MHz, 15368 MHz, 80, 99 %, 89838 MiB
2026/09/04 10:56:17.992, 421.15 W, 600.00 W, 2707 MHz, 15368 MHz, 84, 99 %, 89838 MiB
2026/09/04 10:56:18.993, 184.99 W, 600.00 W, 2812 MHz, 15368 MHz, 74, 0 %, 89838 MiB
2026/09/04 10:56:19.994, 436.75 W, 600.00 W, 2662 MHz, 15368 MHz, 81, 99 %, 89838 MiB
2026/09/04 10:56:20.994, 515.49 W, 600.00 W, 2655 MHz, 15368 MHz, 84, 100 %, 89838 MiB
2026/09/04 10:56:21.995, 510.88 W, 600.00 W, 2662 MHz, 15368 MHz, 82, 99 %, 89838 MiB
2026/09/04 10:56:22.996, 418.77 W, 600.00 W, 2692 MHz, 15368 MHz, 79, 99 %, 89838 MiB
2026/09/04 10:56:23.998, 409.77 W, 600.00 W, 2707 MHz, 15368 MHz, 81, 98 %, 89838 MiB
2026/09/04 10:56:24.999, 408.45 W, 600.00 W, 2707 MHz, 15368 MHz, 84, 100 %, 89838 MiB
2026/09/04 10:56:26.000, 404.76 W, 600.00 W, 2692 MHz, 15368 MHz, 81, 99 %, 89838 MiB
2026/09/04 10:56:27.001, 310.42 W, 600.00 W, 2797 MHz, 15368 MHz, 75, 0 %, 89838 MiB
2026/09/04 10:56:28.001, 339.52 W, 600.00 W, 2677 MHz, 15368 MHz, 81, 99 %, 89838 MiB
2026/09/04 10:56:29.002, 501.54 W, 600.00 W, 2655 MHz, 15368 MHz, 83, 100 %, 89838 MiB
2026/09/04 10:56:30.003, 519.25 W, 600.00 W, 2640 MHz, 15368 MHz, 83, 98 %, 89838 MiB
2026/09/04 10:56:31.004, 466.82 W, 600.00 W, 2677 MHz, 15368 MHz, 79, 99 %, 89838 MiB
2026/09/04 10:56:32.005, 408.02 W, 600.00 W, 2700 MHz, 15368 MHz, 81, 100 %, 89838 MiB
2026/09/04 10:56:33.005, 410.20 W, 600.00 W, 2700 MHz, 15368 MHz, 83, 100 %, 89838 MiB
2026/09/04 10:56:34.006, 405.11 W, 600.00 W, 2677 MHz, 15368 MHz, 81, 99 %, 89838 MiB
2026/09/04 10:56:35.007, 414.67 W, 600.00 W, 2722 MHz, 15368 MHz, 80, 91 %, 89838 MiB
2026/09/04 10:56:36.008, 163.84 W, 600.00 W, 2812 MHz, 15368 MHz, 74, 0 %, 89838 MiB
2026/09/04 10:56:37.008, 449.21 W, 600.00 W, 2662 MHz, 15368 MHz, 81, 100 %, 89838 MiB
2026/09/04 10:56:38.009, 506.69 W, 600.00 W, 2655 MHz, 15368 MHz, 84, 99 %, 89838 MiB
2026/09/04 10:56:39.010, 507.83 W, 600.00 W, 2647 MHz, 15368 MHz, 83, 99 %, 89838 MiB
2026/09/04 10:56:40.012, 437.75 W, 600.00 W, 2737 MHz, 15368 MHz, 79, 100 %, 89838 MiB
2026/09/04 10:56:41.012, 402.11 W, 600.00 W, 2685 MHz, 15368 MHz, 79, 99 %, 89838 MiB
2026/09/04 10:56:42.013, 410.95 W, 600.00 W, 2692 MHz, 15368 MHz, 81, 100 %, 89838 MiB
2026/09/04 10:56:43.014, 406.92 W, 600.00 W, 2730 MHz, 15368 MHz, 80, 99 %, 89838 MiB
2026/09/04 10:56:44.015, 373.55 W, 600.00 W, 2670 MHz, 15368 MHz, 76, 0 %, 89838 MiB
2026/09/04 10:56:45.015, 456.16 W, 600.00 W, 2617 MHz, 15368 MHz, 80, 100 %, 89838 MiB
2026/09/04 10:56:46.016, 317.68 W, 600.00 W, 2737 MHz, 15368 MHz, 78, 100 %, 89838 MiB
2026/09/04 10:56:47.017, 308.29 W, 600.00 W, 2737 MHz, 15368 MHz, 78, 99 %, 89838 MiB
2026/09/04 10:56:48.018, 219.37 W, 600.00 W, 2805 MHz, 15368 MHz, 75, 25 %, 89838 MiB
2026/09/04 10:56:49.018, 194.05 W, 600.00 W, 2805 MHz, 15368 MHz, 75, 25 %, 89838 MiB
2026/09/04 10:56:50.019, 183.90 W, 600.00 W, 2730 MHz, 15368 MHz, 75, 25 %, 89838 MiB
2026/09/04 10:56:51.019, 184.74 W, 600.00 W, 2722 MHz, 15368 MHz, 74, 25 %, 89838 MiB
2026/09/04 10:56:52.020, 183.45 W, 600.00 W, 2730 MHz, 15368 MHz, 73, 19 %, 89838 MiB
2026/09/04 10:56:53.020, 182.36 W, 600.00 W, 2730 MHz, 15368 MHz, 73, 19 %, 89838 MiB
2026/09/04 10:56:54.021, 183.17 W, 600.00 W, 2737 MHz, 15368 MHz, 72, 24 %, 89838 MiB
2026/09/04 10:56:55.021, 181.83 W, 600.00 W, 2730 MHz, 15368 MHz, 72, 24 %, 89838 MiB
2026/09/04 10:56:56.022, 182.45 W, 600.00 W, 2745 MHz, 15368 MHz, 72, 21 %, 89838 MiB
2026/09/04 10:56:57.022, 178.31 W, 600.00 W, 2730 MHz, 15368 MHz, 71, 3 %, 79064 MiB
2026/09/04 10:56:58.091, 113.87 W, 600.00 W, 2610 MHz, 15368 MHz, 70, 0 %, 77492 MiB
2026/09/04 10:56:59.720, 111.29 W, 600.00 W, 2610 MHz, 15368 MHz, 69, 0 %, 77492 MiB
2026/09/04 10:57:00.721, 115.93 W, 600.00 W, 2610 MHz, 15368 MHz, 69, 75 %, 41 MiB
2026/09/04 10:57:01.721, 116.01 W, 600.00 W, 2610 MHz, 16004 MHz, 69, 0 %, 41 MiB
